{
    "_id": "338API",
    "_name": "patron_762x54r_7bt1",
    "_parent": "5485a8684bdc2da71d8b4567",
    "_type": "Item",
    "_props": {
        "Name": "patron_762х54R_7N1",
        "ShortName": "patron_762х54R_7N1",
        "Description": "patron_762х54R_7N1",
        "Weight": 0.024,
        "BackgroundColor": "yellow",
        "Width": 1,
        "Height": 1,
        "StackMaxSize": 40,
        "Rarity": "Superrare",
        "SpawnChance": 4,
        "CreditsPrice": 402,
        "ItemSound": "ammo_singleround",
        "Prefab": {
            "path": "assets/content/items/ammo/patrons/patron_762x54r_7bt1.bundle",
            "rcid": ""
        },
        "UsePrefab": {
            "path": "",
            "rcid": ""
        },
        "StackObjectsCount": 1,
        "NotShownInSlot": false,
        "ExaminedByDefault": false,
        "ExamineTime": 1,
        "IsUndiscardable": false,
        "IsUnsaleable": false,
        "IsUnbuyable": false,
        "IsUngivable": false,
        "IsLockedafterEquip": false,
        "QuestItem": false,
        "LootExperience": 0,
        "ExamineExperience": 10,
        "HideEntrails": false,
        "RepairCost": 0,
        "RepairSpeed": 0,
        "ExtraSizeLeft": 0,
        "ExtraSizeRight": 0,
        "ExtraSizeUp": 0,
        "ExtraSizeDown": 0,
        "ExtraSizeForceAdd": false,
        "MergesWithChildren": false,
        "CanSellOnRagfair": true,
        "CanRequireOnRagfair": true,
        "BannedFromRagfair": false,
        "ConflictingItems": [],
        "FixedPrice": false,
        "Unlootable": false,
        "UnlootableFromSlot": "FirstPrimaryWeapon",
        "UnlootableFromSide": [],
        "ChangePriceCoef": 1,
        "AllowSpawnOnLocations": [],
        "SendToClient": false,
        "AnimationVariantsNumber": 0,
        "DiscardingBlock": false,
        "StackMinRandom": 10,
        "StackMaxRandom": 25,
        "ammoType": "bullet",
        "Damage": 126,
        "ammoAccr": -2,
        "ammoRec": -4,
        "ammoDist": 0,
        "buckshotBullets": 0,
        "PenetrationPower": 72,
        "PenetrationPowerDiviation": 0.4,
        "ammoHear": 0,
        "ammoSfx": "standart",
        "MisfireChance": 0.01,
        "MinFragmentsCount": 1,
        "MaxFragmentsCount": 2,
        "ammoShiftChance": 0,
        "casingName": "Обычный 7.62х54R СНБ",
        "casingEjectPower": 0,
        "casingMass": 77.16,
        "casingSounds": "127rifle",
        "ProjectileCount": 1,
        "InitialSpeed": 866,
        "PenetrationChance": 0.82,
        "RicochetChance": 0.265,
        "FragmentationChance": 0.081,
        "BallisticCoeficient": 1,
        "Deterioration": 1,
        "SpeedRetardation": 0.000005,
        "Tracer": true,
        "TracerColor": "red",
        "TracerDistance": 0.5,
        "ArmorDamage": 99,
        "Caliber": "Caliber338LM",
        "StaminaBurnPerDamage": 0.5,
        "ShowBullet": false,
        "HasGrenaderComponent": false,
        "FuzeArmTimeSec": 0,
        "ExplosionStrength": 0,
        "MinExplosionDistance": 0,
        "MaxExplosionDistance": 0,
        "FragmentsCount": 0,
        "FragmentType": "5996f6d686f77467977ba6cc",
        "ShowHitEffectOnExplode": true,
        "ExplosionType": "big_round_impact",
        "AmmoLifeTimeSec": 5,
        "Contusion": {
            "x": 0,
            "y": 0,
            "z": 0
        },
        "ArmorDistanceDistanceDamage": {
            "x": 0,
            "y": 0,
            "z": 0
        },
        "Blindness": {
            "x": 0,
            "y": 0,
            "z": 0
        },
        "IsLightAndSoundShot": false,
        "LightAndSoundShotAngle": 0,
        "LightAndSoundShotSelfContusionTime": 0,
        "LightAndSoundShotSelfContusionStrength": 0
    },
    "_proto": "560d61e84bdc2da74d8b4571"
}