{
    "_id": "338Scenar",
    "_name": "patron_762х54R_7N1",
    "_parent": "5485a8684bdc2da71d8b4567",
    "_type": "Item",
    "_props": {
        "Name": "patron_762х54R_7N1",
        "ShortName": "patron_762х54R_7N1",
        "Description": "patron_762х54R_7N1",
        "Weight": 0.024,
        "BackgroundColor": "yellow",
        "Width": 1,
        "Height": 1,
        "StackMaxSize": 40,
        "Rarity": "Rare",
        "SpawnChance": 3,
        "CreditsPrice": 238,
        "ItemSound": "ammo_singleround",
        "Prefab": {
            "path": "assets/content/items/ammo/patrons/patron_762x54r.bundle",
            "rcid": ""
        },
        "UsePrefab": {
            "path": "",
            "rcid": ""
        },
        "StackObjectsCount": 1,
        "NotShownInSlot": false,
        "ExaminedByDefault": false,
        "ExamineTime": 1,
        "IsUndiscardable": false,
        "IsUnsaleable": false,
        "IsUnbuyable": false,
        "IsUngivable": false,
        "IsLockedafterEquip": false,
        "QuestItem": false,
        "LootExperience": 0,
        "ExamineExperience": 10,
        "HideEntrails": false,
        "RepairCost": 0,
        "RepairSpeed": 0,
        "ExtraSizeLeft": 0,
        "ExtraSizeRight": 0,
        "ExtraSizeUp": 0,
        "ExtraSizeDown": 0,
        "ExtraSizeForceAdd": false,
        "MergesWithChildren": false,
        "CanSellOnRagfair": true,
        "CanRequireOnRagfair": true,
        "BannedFromRagfair": false,
        "ConflictingItems": [],
        "FixedPrice": false,
        "Unlootable": false,
        "UnlootableFromSlot": "FirstPrimaryWeapon",
        "UnlootableFromSide": [],
        "ChangePriceCoef": 1,
        "AllowSpawnOnLocations": [],
        "SendToClient": false,
        "AnimationVariantsNumber": 0,
        "DiscardingBlock": false,
        "StackMinRandom": 8,
        "StackMaxRandom": 30,
        "ammoType": "bullet",
        "Damage": 99,
        "ammoAccr": 10,
        "ammoRec": 8,
        "ammoDist": 0,
        "buckshotBullets": 0,
        "PenetrationPower": 55,
        "PenetrationPowerDiviation": 0.4,
        "ammoHear": 0,
        "ammoSfx": "standart",
        "MisfireChance": 0.01,
        "MinFragmentsCount": 2,
        "MaxFragmentsCount": 3,
        "ammoShiftChance": 0,
        "casingName": "Обычный 7.62х54R СНБ",
        "casingEjectPower": 0,
        "casingMass": 25.16,
        "casingSounds": "127rifle",
        "ProjectileCount": 1,
        "InitialSpeed": 922,
        "PenetrationChance": 0.77,
        "RicochetChance": 0.285,
        "FragmentationChance": 0.083,
        "BallisticCoeficient": 1,
        "Deterioration": 1,
        "SpeedRetardation": 0.000015,
        "Tracer": false,
        "TracerColor": "red",
        "TracerDistance": 0,
        "ArmorDamage": 70,
        "Caliber": "Caliber338LM",
        "StaminaBurnPerDamage": 0.5,
        "ShowBullet": false,
        "HasGrenaderComponent": false,
        "FuzeArmTimeSec": 0,
        "ExplosionStrength": 0,
        "MinExplosionDistance": 0,
        "MaxExplosionDistance": 0,
        "FragmentsCount": 0,
        "FragmentType": "5996f6d686f77467977ba6cc",
        "ShowHitEffectOnExplode": false,
        "ExplosionType": "",
        "AmmoLifeTimeSec": 5,
        "Contusion": {
            "x": 0,
            "y": 0,
            "z": 0
        },
        "ArmorDistanceDistanceDamage": {
            "x": 0,
            "y": 0,
            "z": 0
        },
        "Blindness": {
            "x": 0,
            "y": 0,
            "z": 0
        },
        "IsLightAndSoundShot": false,
        "LightAndSoundShotAngle": 0,
        "LightAndSoundShotSelfContusionTime": 0,
        "LightAndSoundShotSelfContusionStrength": 0
    },
    "_proto": "560d61e84bdc2da74d8b4571"
}