{
    "_id": "458-30rnd",
    "_name": "mag_stanag_magpul_pmag_gen_m3_556x45_40",
    "_parent": "5448bc234bdc2d3c308b4569",
    "_type": "Item",
    "_props": {
        "Name": "Магазин PMAG GEN M3 40 5.56х45 STANAG на 40 патронов",
        "ShortName": "5.56х45 PMAG GEN M3 40",
        "Description": "40-ка зарядный полимерный магазин Magpul PMAG GEN M3 40, под патрон 5.56х45.\n",
        "Weight": 0.2,
        "BackgroundColor": "yellow",
        "Width": 1,
        "Height": 3,
        "StackMaxSize": 1,
        "Rarity": "Rare",
        "SpawnChance": 2,
        "CreditsPrice": 6177,
        "ItemSound": "mag_plastic",
        "Prefab": {
            "path": "assets/content/items/mods/magazines/mag_stanag_magpul_pmag_gen_m3_556x45_40.bundle",
            "rcid": ""
        },
        "UsePrefab": {
            "path": "",
            "rcid": ""
        },
        "StackObjectsCount": 1,
        "NotShownInSlot": false,
        "ExaminedByDefault": false,
        "ExamineTime": 1,
        "IsUndiscardable": false,
        "IsUnsaleable": false,
        "IsUnbuyable": false,
        "IsUngivable": false,
        "IsLockedafterEquip": false,
        "QuestItem": false,
        "LootExperience": 30,
        "ExamineExperience": 2,
        "HideEntrails": false,
        "RepairCost": 0,
        "RepairSpeed": 0,
        "ExtraSizeLeft": 0,
        "ExtraSizeRight": 0,
        "ExtraSizeUp": 0,
        "ExtraSizeDown": 2,
        "ExtraSizeForceAdd": false,
        "MergesWithChildren": true,
        "CanSellOnRagfair": true,
        "CanRequireOnRagfair": true,
        "BannedFromRagfair": false,
        "ConflictingItems": [],
        "FixedPrice": false,
        "Unlootable": false,
        "UnlootableFromSlot": "FirstPrimaryWeapon",
        "UnlootableFromSide": [],
        "ChangePriceCoef": 1,
        "AllowSpawnOnLocations": [],
        "SendToClient": false,
        "AnimationVariantsNumber": 0,
        "DiscardingBlock": false,
        "Grids": [],
        "Slots": [],
        "CanPutIntoDuringTheRaid": true,
        "CantRemoveFromSlotsDuringRaid": [],
        "Durability": 100,
        "Accuracy": 0,
        "Recoil": 0,
        "Loudness": 0,
        "EffectiveDistance": 0,
        "Ergonomics": -7,
        "Velocity": 0,
        "RaidModdable": true,
        "ToolModdable": false,
        "BlocksFolding": false,
        "BlocksCollapsible": false,
        "IsAnimated": false,
        "HasShoulderContact": false,
        "SightingRange": 0,
        "magAnimationIndex": 3,
        "Cartridges": [
            {
                "_name": "cartridges",
                "_id": "57487b1f2459771f624a51e1",
                "_parent": "544a378f4bdc2d30388b4567",
                "_max_count": 30,
                "_props": {
                    "filters": [
                        {
                            "Filter": [
                                "458FMJ",
                                "458FTX",
                                "458LEHIGH"
                            ]
                        }
                    ]
                },
                "_proto": "5748538b2459770af276a261"
            }
        ],
        "CanFast": false,
        "CanHit": false,
        "CanAdmin": false,
        "LoadUnloadModifier": 10,
        "CheckTimeModifier": 15,
        "CheckOverride": 0,
        "ReloadMagType": "ExternalMagazine",
        "VisibleAmmoRangesString": "1-3"
    }
}