{
    "_id": "458-20rnd",
    "_name": "mag_stanag_magpul_pmag_gen_m3_556x45_30_fde",
    "_parent": "5448bc234bdc2d3c308b4569",
    "_type": "Item",
    "_props": {
        "Name": "Магазин PMAG GEN M3 30 5.56x45 STANAG на 30 патронов",
        "ShortName": "5.56x45 PMAG GEN M3 30",
        "Description": "30-ти зарядный полимерный магазин Magpul PMAG GEN M3 30, под патрон 5.56х45 с окном для контроля количества боеприпасов.",
        "Weight": 0.138,
        "BackgroundColor": "yellow",
        "Width": 1,
        "Height": 2,
        "StackMaxSize": 1,
        "Rarity": "Rare",
        "SpawnChance": 4,
        "CreditsPrice": 3113,
        "ItemSound": "mag_plastic",
        "Prefab": {
            "path": "assets/content/items/mods/magazines/mag_stanag_magpul_pmag_gen_m3_556x45_30_fde.bundle",
            "rcid": ""
        },
        "UsePrefab": {
            "path": "",
            "rcid": ""
        },
        "StackObjectsCount": 1,
        "NotShownInSlot": false,
        "ExaminedByDefault": false,
        "ExamineTime": 1,
        "IsUndiscardable": false,
        "IsUnsaleable": false,
        "IsUnbuyable": false,
        "IsUngivable": false,
        "IsLockedafterEquip": false,
        "QuestItem": false,
        "LootExperience": 10,
        "ExamineExperience": 2,
        "HideEntrails": false,
        "RepairCost": 0,
        "RepairSpeed": 0,
        "ExtraSizeLeft": 0,
        "ExtraSizeRight": 0,
        "ExtraSizeUp": 0,
        "ExtraSizeDown": 1,
        "ExtraSizeForceAdd": false,
        "MergesWithChildren": true,
        "CanSellOnRagfair": true,
        "CanRequireOnRagfair": true,
        "BannedFromRagfair": false,
        "ConflictingItems": [],
        "FixedPrice": false,
        "Unlootable": false,
        "UnlootableFromSlot": "FirstPrimaryWeapon",
        "UnlootableFromSide": [],
        "ChangePriceCoef": 1,
        "AllowSpawnOnLocations": [],
        "SendToClient": false,
        "AnimationVariantsNumber": 0,
        "DiscardingBlock": false,
        "Grids": [],
        "Slots": [],
        "CanPutIntoDuringTheRaid": true,
        "CantRemoveFromSlotsDuringRaid": [],
        "Durability": 100,
        "Accuracy": 0,
        "Recoil": 0,
        "Loudness": 0,
        "EffectiveDistance": 0,
        "Ergonomics": -4,
        "Velocity": 0,
        "RaidModdable": true,
        "ToolModdable": false,
        "BlocksFolding": false,
        "BlocksCollapsible": false,
        "IsAnimated": false,
        "HasShoulderContact": false,
        "SightingRange": 0,
        "magAnimationIndex": 0,
        "Cartridges": [
            {
                "_name": "cartridges",
                "_id": "5d1340b3d7ad1a0b52682ed9",
                "_parent": "5d1340b3d7ad1a0b52682ed7",
                "_max_count": 20,
                "_props": {
                    "filters": [
                        {
                            "Filter": [
                                "458FTX",
                                "458FMJ",
                                "458LEHIGH"
                            ]
                        }
                    ]
                },
                "_proto": "5748538b2459770af276a261"
            }
        ],
        "CanFast": true,
        "CanHit": false,
        "CanAdmin": false,
        "LoadUnloadModifier": 0,
        "CheckTimeModifier": 0,
        "CheckOverride": 0,
        "ReloadMagType": "ExternalMagazine",
        "VisibleAmmoRangesString": "1-2"
    },
    "_proto": "55802d5f4bdc2dac148b458e"
}