{
	"_id": "458FMJ",
	"_name": "patron_127x55_ps12",
	"_parent": "5485a8684bdc2da71d8b4567",
	"_type": "Item",
	"_props": {
		"Name": "patron_12,7x55_ps12",
		"ShortName": "patron_12,7x55_ps12",
		"Description": "patron_12,7x55_ps12",
		"Weight": 0.07,
		"BackgroundColor": "yellow",
		"Width": 1,
		"Height": 1,
		"StackMaxSize": 40,
		"Rarity": "Not_exist",
		"SpawnChance": 30,
		"CreditsPrice": 135,
		"ItemSound": "ammo_singleround",
		"Prefab": {
			"path": "assets/content/items/ammo/patrons/patron_12,7x55_ps12.bundle",
			"rcid": ""
		},
		"UsePrefab": {
			"path": "",
			"rcid": ""
		},
		"StackObjectsCount": 1,
		"NotShownInSlot": false,
		"ExaminedByDefault": false,
		"ExamineTime": 1,
		"IsUndiscardable": false,
		"IsUnsaleable": false,
		"IsUnbuyable": false,
		"IsUngivable": false,
		"IsLockedafterEquip": false,
		"QuestItem": false,
		"LootExperience": 0,
		"ExamineExperience": 10,
		"HideEntrails": false,
		"RepairCost": 0,
		"RepairSpeed": 0,
		"ExtraSizeLeft": 0,
		"ExtraSizeRight": 0,
		"ExtraSizeUp": 0,
		"ExtraSizeDown": 0,
		"ExtraSizeForceAdd": false,
		"MergesWithChildren": false,
		"CanSellOnRagfair": true,
		"CanRequireOnRagfair": true,
		"BannedFromRagfair": false,
		"ConflictingItems": [],
		"FixedPrice": false,
		"Unlootable": false,
		"UnlootableFromSlot": "FirstPrimaryWeapon",
		"UnlootableFromSide": [],
		"ChangePriceCoef": 1,
		"AllowSpawnOnLocations": [],
		"SendToClient": false,
		"AnimationVariantsNumber": 0,
		"DiscardingBlock": false,
		"StackMinRandom": 10,
		"StackMaxRandom": 50,
		"ammoType": "bullet",
		"Damage": 75,
		"ammoAccr": -10,
		"ammoRec": -8,
		"ammoDist": 0,
		"buckshotBullets": 0,
		"PenetrationPower": 34,
		"PenetrationPowerDiviation": 1,
		"ammoHear": 0,
		"ammoSfx": "standart",
		"MisfireChance": 0.01,
		"MinFragmentsCount": 2,
		"MaxFragmentsCount": 4,
		"ammoShiftChance": 0,
		"casingName": "458s",
		"casingEjectPower": 0,
		"casingMass": 25,
		"casingSounds": "127rifle",
		"ProjectileCount": 1,
		"InitialSpeed": 725,
		"PenetrationChance": 0.5,
		"RicochetChance": 0.5,
		"FragmentationChance": 0.2,
		"BallisticCoeficient": 1,
		"Deterioration": 1,
		"SpeedRetardation": 0.00065,
		"Tracer": false,
		"TracerColor": "red",
		"TracerDistance": 0,
		"ArmorDamage": 40,
		"Caliber": "Caliber458s",
		"StaminaBurnPerDamage": 0.5,
		"ShowBullet": false,
		"HasGrenaderComponent": false,
		"FuzeArmTimeSec": 0,
		"ExplosionStrength": 0,
		"MinExplosionDistance": 0,
		"MaxExplosionDistance": 0,
		"FragmentsCount": 0,
		"FragmentType": "5996f6d686f77467977ba6cc",
		"ShowHitEffectOnExplode": false,
		"ExplosionType": "",
		"AmmoLifeTimeSec": 5,
		"Contusion": {
			"x": 0,
			"y": 0,
			"z": 0
		},
		"ArmorDistanceDistanceDamage": {
			"x": 0,
			"y": 0,
			"z": 0
		},
		"Blindness": {
			"x": 0,
			"y": 0,
			"z": 0
		},
		"IsLightAndSoundShot": false,
		"LightAndSoundShotAngle": 0,
		"LightAndSoundShotSelfContusionTime": 0,
		"LightAndSoundShotSelfContusionStrength": 0
	},
	"_proto": "56dff338d2720bbd668b4569"
}