{
    "_id": "458Wilson",
    "_name": "458Wilson",
    "_parent": "5447b6194bdc2d67278b4567",
    "_type": "Item",
    "_props": {
        "Name": "458Wilson",
        "ShortName": "458Wilson",
        "Description": "458Wilson\n",
        "Weight": 0.51,
        "BackgroundColor": "black",
        "Width": 1,
        "Height": 1,
        "StackMaxSize": 1,
        "Rarity": "Superrare",
        "SpawnChance": 2,
        "CreditsPrice": 24605,
        "ItemSound": "weap_dmr",
        "Prefab": {
            "path": "assets/content/weapons/tx15/weapon_lone_star_tx15_designated_marksman_556x45_container.bundle",
            "rcid": ""
        },
        "UsePrefab": {
            "path": "",
            "rcid": ""
        },
        "StackObjectsCount": 1,
        "NotShownInSlot": false,
        "ExaminedByDefault": false,
        "ExamineTime": 1,
        "IsUndiscardable": false,
        "IsUnsaleable": false,
        "IsUnbuyable": false,
        "IsUngivable": false,
        "IsLockedafterEquip": false,
        "QuestItem": false,
        "LootExperience": 30,
        "ExamineExperience": 8,
        "HideEntrails": false,
        "RepairCost": 420,
        "RepairSpeed": 15,
        "ExtraSizeLeft": 0,
        "ExtraSizeRight": 0,
        "ExtraSizeUp": 0,
        "ExtraSizeDown": 0,
        "ExtraSizeForceAdd": false,
        "MergesWithChildren": true,
        "CanSellOnRagfair": true,
        "CanRequireOnRagfair": true,
        "BannedFromRagfair": false,
        "ConflictingItems": [],
        "FixedPrice": false,
        "Unlootable": false,
        "UnlootableFromSlot": "FirstPrimaryWeapon",
        "UnlootableFromSide": [],
        "ChangePriceCoef": 1,
        "AllowSpawnOnLocations": [],
        "SendToClient": false,
        "AnimationVariantsNumber": 0,
        "DiscardingBlock": false,
        "Grids": [],
        "Slots": [
            {
                "_name": "mod_pistol_grip",
                "_id": "5df8ce05b11454561e39243d",
                "_parent": "5df8ce05b11454561e39243b",
                "_props": {
                    "filters": [
                        {
                            "Shift": 0,
                            "Filter": [
                                "55d4b9964bdc2d1d4e8b456e",
                                "571659bb2459771fb2755a12",
                                "5cc9bcaed7f00c011c04e179",
                                "5bb20e18d4351e00320205d5",
                                "5bb20e0ed4351e3bac1212dc",
                                "5d025cc1d7ad1a53845279ef",
                                "5c6d7b3d2e221600114c9b7d",
                                "57c55efc2459772d2c6271e7",
                                "57af48872459771f0b2ebf11",
                                "57c55f092459772d291a8463",
                                "57c55f112459772d28133310",
                                "57c55f172459772d27602381",
                                "5a339805c4a2826c6e06d73d",
                                "55802f5d4bdc2dac148b458f",
                                "5d15cf3bd7ad1a67e71518b2",
                                "59db3a1d86f77429e05b4e92",
                                "59db3acc86f7742a2c4ab912",
                                "59db3b0886f77429d72fb895",
                                "5b07db875acfc40dc528a5f6"
                            ]
                        }
                    ]
                },
                "_required": true,
                "_mergeSlotWithChildren": false,
                "_proto": "55d30c4c4bdc2db4468b457e"
            },
            {
                "_name": "mod_magazine",
                "_id": "5df8ce05b11454561e39243e",
                "_parent": "5df8ce05b11454561e39243b",
                "_props": {
                    "filters": [
                        {
                            "AnimationIndex": -1,
                            "Filter": [
                                "458-20rnd",
                                "458-30rnd"
                            ]
                        }
                    ]
                },
                "_required": false,
                "_mergeSlotWithChildren": false,
                "_proto": "55d30c394bdc2dae468b4577"
            },
            {
                "_name": "mod_stock",
                "_id": "5df8ce05b11454561e39243f",
                "_parent": "5df8ce05b11454561e39243b",
                "_props": {
                    "filters": [
                        {
                            "Shift": 0,
                            "Filter": [
                                "5649be884bdc2d79388b4577",
                                "5d120a10d7ad1a4e1026ba85",
                                "5b0800175acfc400153aebd4",
                                "5c793fb92e221644f31bfb64",
                                "5c793fc42e221600114ca25d"
                            ]
                        }
                    ]
                },
                "_required": true,
                "_mergeSlotWithChildren": false,
                "_proto": "55d30c4c4bdc2db4468b457e"
            },
            {
                "_name": "mod_reciever",
                "_id": "5df926b94a9f347bc92edcac",
                "_parent": "5df8ce05b11454561e39243b",
                "_props": {
                    "filters": [
                        {
                            "Shift": 0,
                            "Filter": [
                                "Wilsonupper"
                            ]
                        }
                    ]
                },
                "_required": true,
                "_mergeSlotWithChildren": false,
                "_proto": "55d30c4c4bdc2db4468b457e"
            },
            {
                "_name": "mod_charge",
                "_id": "5df926e28b6c4240ba265260",
                "_parent": "5df8ce05b11454561e39243b",
                "_props": {
                    "filters": [
                        {
                            "Shift": 0,
                            "Filter": [
                                "5df8e085bb49d91fb446d6a8",
                                "5df8e053bb49d91fb446d6a6"
                            ]
                        }
                    ]
                },
                "_required": true,
                "_mergeSlotWithChildren": false,
                "_proto": "55d30c4c4bdc2db4468b457e"
            }
        ],
        "CanPutIntoDuringTheRaid": true,
        "CantRemoveFromSlotsDuringRaid": [],
        "weapClass": "marksmanRifle",
        "weapUseType": "primary",
        "ammoCaliber": "Caliber762x51",
        "Durability": 100,
        "MaxDurability": 100,
        "OperatingResource": 4000,
        "RepairComplexity": 0,
        "durabSpawnMin": 25,
        "durabSpawnMax": 75,
        "isFastReload": true,
        "RecoilForceUp": 335,
        "RecoilForceBack": 675,
        "Convergence": 1.5,
        "RecoilAngle": 90,
        "weapFireType": [
            "single"
        ],
        "RecolDispersion": 25,
        "bFirerate": 700,
        "Ergonomics": 37,
        "Velocity": 0,
        "bEffDist": 900,
        "bHearDist": 80,
        "isChamberLoad": true,
        "chamberAmmoCount": 1,
        "isBoltCatch": true,
        "defMagType": "5a3501acc4a282000d72293a",
        "defAmmo": "458FMJ",
        "shotgunDispersion": 0,
        "Chambers": [
            {
                "_name": "patron_in_weapon",
                "_id": "5df8ce05b11454561e392444",
                "_parent": "5df8ce05b11454561e39243b",
                "_props": {
                    "filters": [
                        {
                            "Filter": [
                                "458FMJ",
                                "458FTX",
                                "458LEHIGH"
                            ]
                        }
                    ]
                },
                "_required": false,
                "_mergeSlotWithChildren": false,
                "_proto": "55d4af244bdc2d962f8b4571"
            }
        ],
        "CameraRecoil": 0.2,
        "CameraSnap": 3.5,
        "ReloadMode": "ExternalMagazine",
        "CenterOfImpact": 0,
        "AimPlane": 0.22,
        "DeviationCurve": 1,
        "DeviationMax": 100,
        "Foldable": false,
        "Retractable": false,
        "TacticalReloadStiffnes": {
            "x": 0.95,
            "y": 0.33,
            "z": 0.95
        },
        "TacticalReloadFixation": 0.95,
        "RecoilCenter": {
            "x": 0,
            "y": -0.3,
            "z": 0
        },
        "RotationCenter": {
            "x": 0,
            "y": -0.1,
            "z": 0
        },
        "RotationCenterNoStock": {
            "x": 0,
            "y": 0,
            "z": 0
        },
        "SizeReduceRight": 0,
        "FoldedSlot": "",
        "CompactHandling": true,
        "SightingRange": 100,
        "MinRepairDegradation": 0,
        "MaxRepairDegradation": 0.01,
        "IronSightRange": 100,
        "MustBoltBeOpennedForExternalReload": false,
        "MustBoltBeOpennedForInternalReload": false,
        "BoltAction": false,
        "HipAccuracyRestorationDelay": 0.2,
        "HipAccuracyRestorationSpeed": 7,
        "HipInnaccuracyGain": 0.16,
        "ManualBoltCatch": false
    },
    "_proto": "5447a9cd4bdc2dbd208b4567"
}