{
    "_id": "762gastube",
    "_name": "gas_block_ak_izhmash_ak74_std",
    "_parent": "56ea9461d2720b67698b456f",
    "_type": "Item",
    "_props": {
        "Name": "gas_block_ak_izhmash_ak74_std",
        "ShortName": "gas_block_ak_izhmash_ak74_std",
        "Description": "gas_block_ak_izhmash_ak74_std",
        "Weight": 0.12,
        "BackgroundColor": "blue",
        "Width": 1,
        "Height": 1,
        "StackMaxSize": 1,
        "Rarity": "Not_exist",
        "SpawnChance": 23,
        "CreditsPrice": 2073,
        "ItemSound": "generic",
        "Prefab": {
            "path": "assets/content/items/mods/gasblock/gas_block_ak_izhmash_ak74_std.bundle",
            "rcid": ""
        },
        "UsePrefab": {
            "path": "",
            "rcid": ""
        },
        "StackObjectsCount": 1,
        "NotShownInSlot": false,
        "ExaminedByDefault": false,
        "ExamineTime": 1,
        "IsUndiscardable": false,
        "IsUnsaleable": false,
        "IsUnbuyable": false,
        "IsUngivable": false,
        "IsLockedafterEquip": false,
        "QuestItem": false,
        "LootExperience": 50,
        "ExamineExperience": 10,
        "HideEntrails": false,
        "RepairCost": 0,
        "RepairSpeed": 0,
        "ExtraSizeLeft": 0,
        "ExtraSizeRight": 0,
        "ExtraSizeUp": 0,
        "ExtraSizeDown": 0,
        "ExtraSizeForceAdd": false,
        "MergesWithChildren": true,
        "CanSellOnRagfair": true,
        "CanRequireOnRagfair": true,
        "BannedFromRagfair": false,
        "ConflictingItems": [],
        "FixedPrice": false,
        "Unlootable": false,
        "UnlootableFromSlot": "FirstPrimaryWeapon",
        "UnlootableFromSide": [],
        "ChangePriceCoef": 1,
        "AllowSpawnOnLocations": [],
        "SendToClient": false,
        "AnimationVariantsNumber": 0,
        "DiscardingBlock": false,
        "Grids": [],
        "Slots": [
            {
                "_name": "mod_handguard",
                "_id": "59c663e986f7740cfb39760a",
                "_parent": "59c6633186f7740cf0493bb9",
                "_props": {
                    "filters": [
                        {
                            "Shift": 0,
                            "Filter": [
                                "5a9d56c8a2750c0032157146",
                                "59d64f2f86f77417193ef8b3",
                                "5648b0744bdc2d363b8b4578",
                                "5648b1504bdc2d9d488b4584",
                                "5cbda9f4ae9215000e5b9bfc",
                                "5cbda392ae92155f3c17c39f",
                                "5d1b198cd7ad1a604869ad72",
                                "5d4aaa73a4b9365392071175",
                                "5d4aaa54a4b9365392071170",
                                "5648ae314bdc2d3d1c8b457f",
                                "59e6284f86f77440d569536f",
                                "59e898ee86f77427614bd225",
                                "5d2c829448f0353a5c7d6674"
                            ]
                        }
                    ]
                },
                "_required": true,
                "_mergeSlotWithChildren": false,
                "_proto": "55d30c4c4bdc2db4468b457e"
            }
        ],
        "CanPutIntoDuringTheRaid": true,
        "CantRemoveFromSlotsDuringRaid": [],
        "Durability": 100,
        "Accuracy": 0,
        "Recoil": 0,
        "Loudness": 0,
        "EffectiveDistance": 0,
        "Ergonomics": 0,
        "Velocity": 0,
        "RaidModdable": true,
        "ToolModdable": false,
        "BlocksFolding": false,
        "BlocksCollapsible": false,
        "IsAnimated": false,
        "HasShoulderContact": false,
        "SightingRange": 0
    },
    "_proto": "56ea8d2fd2720b7c698b4570"
}