{
	"_id": "AK9",
	"_name": "weapon_izhmash_ak102_556x45",
	"_parent": "5447b5f14bdc2d61278b4567",
	"_type": "Item",
	"_props": {
		"Name": "weapon_izhmash_ak101_556x45",
		"ShortName": "weapon_izhmash_ak101_556x45",
		"Description": "weapon_izhmash_ak101_556x45",
		"Weight": 1.992,
		"BackgroundColor": "red",
		"Width": 3,
		"Height": 1,
		"StackMaxSize": 1,
		"Rarity": "Rare",
		"SpawnChance": 3,
		"CreditsPrice": 22500,
		"ItemSound": "weap_ar",
		"Prefab": {
			"path": "assets/content/weapons/ak100/weapon_izhmash_ak102_556x45_container.bundle",
			"rcid": ""
		},
		"UsePrefab": {
			"path": "",
			"rcid": ""
		},
		"StackObjectsCount": 1,
		"NotShownInSlot": false,
		"ExaminedByDefault": false,
		"ExamineTime": 1,
		"IsUndiscardable": false,
		"IsUnsaleable": false,
		"IsUnbuyable": false,
		"IsUngivable": false,
		"IsLockedafterEquip": false,
		"QuestItem": false,
		"LootExperience": 30,
		"ExamineExperience": 10,
		"HideEntrails": false,
		"RepairCost": 60,
		"RepairSpeed": 5,
		"ExtraSizeLeft": 0,
		"ExtraSizeRight": 0,
		"ExtraSizeUp": 0,
		"ExtraSizeDown": 0,
		"ExtraSizeForceAdd": false,
		"MergesWithChildren": true,
		"CanSellOnRagfair": true,
		"CanRequireOnRagfair": true,
		"BannedFromRagfair": false,
		"ConflictingItems": [],
		"FixedPrice": false,
		"Unlootable": false,
		"UnlootableFromSlot": "FirstPrimaryWeapon",
		"UnlootableFromSide": [],
		"ChangePriceCoef": 1,
		"AllowSpawnOnLocations": [],
		"SendToClient": false,
		"AnimationVariantsNumber": 0,
		"DiscardingBlock": false,
		"Grids": [],
		"Slots": [
			{
				"_name": "mod_gas_block",
				"_id": "5bf3e03b0db834001d2c4a9f",
				"_parent": "5bf3e03b0db834001d2c4a9c",
				"_props": {
					"filters": [
						{
							"Shift": 0,
							"Filter": [
								"5a01ad4786f77450561fda02",
								"59c6633186f7740cf0493bb9",
								"59d64ec286f774171d1e0a42",
								"59e649f986f77411d949b246",
								"5b237e425acfc4771e1be0b6",
								"59ccfdba86f7747f2109a587",
								"5cf656f2d7f00c06585fb6eb",
								"5d4aab30a4b9365435358c55"
							]
						}
					]
				},
				"_required": true,
				"_mergeSlotWithChildren": false,
				"_proto": "55d30c4c4bdc2db4468b457e"
			},
			{
				"_name": "mod_launcher",
				"_id": "5bf3e03b0db834001d2c4aa0",
				"_parent": "5bf3e03b0db834001d2c4a9c",
				"_props": {
					"filters": [
						{
							"Shift": 0,
							"Filter": [
								"5648b62b4bdc2d9d488b4585"
							]
						}
					]
				},
				"_required": false,
				"_mergeSlotWithChildren": false,
				"_proto": "55d30c4c4bdc2db4468b457e"
			},
			{
				"_name": "mod_muzzle",
				"_id": "5bf3e03b0db834001d2c4aa1",
				"_parent": "5bf3e03b0db834001d2c4a9c",
				"_props": {
					"filters": [
						{
							"Shift": 0,
							"Filter": [
								"5ac72e945acfc43f3b691116",
								"5ac7655e5acfc40016339a19",
								"5649aa744bdc2ded0b8b457e",
								"5f633f791b231926f2329f13",
								"5943eeeb86f77412d6384f6b",
								"5cc9a96cd7f00c011c04e04a",
								"5649ab884bdc2ded0b8b457f",
								"57dc324a24597759501edc20",
								"59bffc1f86f77435b128b872",
								"593d493f86f7745e6b2ceb22",
								"564caa3d4bdc2d17108b458e",
								"57ffb0e42459777d047111c5"
							]
						}
					]
				},
				"_required": false,
				"_mergeSlotWithChildren": false,
				"_proto": "55d30c4c4bdc2db4468b457e"
			},
			{
				"_name": "mod_pistol_grip",
				"_id": "5bf3e03b0db834001d2c4aa2",
				"_parent": "5bf3e03b0db834001d2c4a9c",
				"_props": {
					"filters": [
						{
							"Shift": 0,
							"Filter": [
								"5f6341043ada5942720e2dc5",
								"5beec8ea0db834001a6f9dbf",
								"5649ad3f4bdc2df8348b4585",
								"5649ade84bdc2d1b2b8b4587",
								"59e62cc886f77440d40b52a1",
								"5a0071d486f77404e23a12b2",
								"57e3dba62459770f0c32322b",
								"5cf54404d7f00c108840b2ef",
								"5e2192a498a36665e8337386",
								"5b30ac585acfc433000eb79c",
								"59e6318286f77444dd62c4cc",
								"5cf50850d7f00c056e24104c",
								"5cf508bfd7f00c056e24104e",
								"5947f92f86f77427344a76b1",
								"5947fa2486f77425b47c1a9b",
								"5c6bf4aa2e2216001219b0ae",
								"5649ae4a4bdc2d1b2b8b4588",
								"5998517986f7746017232f7e"
							]
						}
					]
				},
				"_required": true,
				"_mergeSlotWithChildren": false,
				"_proto": "55d30c4c4bdc2db4468b457e"
			},
			{
				"_name": "mod_reciever",
				"_id": "5bf3e03b0db834001d2c4aa3",
				"_parent": "5bf3e03b0db834001d2c4a9c",
				"_props": {
					"filters": [
						{
							"Shift": 0,
							"Filter": [
								"5649af094bdc2df8348b4586",
								"5ac50da15acfc4001718d287",
								"5d2c76ed48f03532f2136169",
								"5d2c770c48f0354b4a07c100",
								"5d2c772c48f0355d95672c25",
								"5649af884bdc2d1b2b8b4589"
							]
						}
					]
				},
				"_required": false,
				"_mergeSlotWithChildren": false,
				"_proto": "55d30c4c4bdc2db4468b457e"
			},
			{
				"_name": "mod_sight_rear",
				"_id": "5bf3e03b0db834001d2c4aa4",
				"_parent": "5bf3e03b0db834001d2c4a9c",
				"_props": {
					"filters": [
						{
							"Shift": 0,
							"Filter": [
								"5ac733a45acfc400192630e2",
								"5649b0544bdc2d1b2b8b458a",
								"5ac72e475acfc400180ae6fe",
								"5649d9a14bdc2d79388b4580"
							]
						}
					]
				},
				"_required": false,
				"_mergeSlotWithChildren": false,
				"_proto": "55d30c4c4bdc2db4468b457e"
			},
			{
				"_name": "mod_stock",
				"_id": "5bf3e03b0db834001d2c4aa5",
				"_parent": "5bf3e03b0db834001d2c4a9c",
				"_props": {
					"filters": [
						{
							"Shift": 0,
							"Filter": [
								"5649b0fc4bdc2d17108b4588",
								"5cbdb1b0ae9215000d50e105",
								"5649b1c04bdc2d16268b457c",
								"5cf518cfd7f00c065b422214",
								"5b04473a5acfc40018632f70",
								"5e217ba4c1434648c13568cd",
								"59d6514b86f774171a068a08",
								"5b0e794b5acfc47a877359b2",
								"59e6227d86f77440d64f5dc2",
								"59e89d0986f77427600d226e",
								"5649b2314bdc2d79388b4576",
								"5b222d335acfc4771e1be099"
							]
						}
					]
				},
				"_required": false,
				"_mergeSlotWithChildren": false,
				"_proto": "55d30c4c4bdc2db4468b457e"
			},
			{
				"_name": "mod_magazine",
				"_id": "578399aa2459774a0e553c7c",
				"_parent": "57838ad32459774a17445cd2",
				"_props": {
					"filters": [
						{
							"AnimationIndex": -1,
							"Filter": [
								"57838f0b2459774a256959b2",
								"57838f9f2459774a150289a0",
								"5a9e81fba2750c00164f6b11"
							]
						}
					]
				},
				"_required": false,
				"_mergeSlotWithChildren": false,
				"_proto": "55d30c394bdc2dae468b4577"
			},
			{
				"_name": "mod_charge",
				"_id": "5bf3e03b0db834001d2c4aa8",
				"_parent": "5bf3e03b0db834001d2c4a9c",
				"_props": {
					"filters": [
						{
							"Shift": 0,
							"Filter": [
								"5648ac824bdc2ded0b8b457d"
							]
						}
					]
				},
				"_required": false,
				"_mergeSlotWithChildren": false,
				"_proto": "55d30c4c4bdc2db4468b457e"
			}
		],
		"CanPutIntoDuringTheRaid": true,
		"CantRemoveFromSlotsDuringRaid": [],
		"weapClass": "assaultRifle",
		"weapUseType": "primary",
		"ammoCaliber": "Caliber9x39",
		"Durability": 100,
		"MaxDurability": 100,
		"OperatingResource": 5000,
		"RepairComplexity": 0,
		"durabSpawnMin": 25,
		"durabSpawnMax": 75,
		"isFastReload": true,
		"RecoilForceUp": 121,
		"RecoilForceBack": 184,
		"Convergence": 2.2,
		"RecoilAngle": 90,
		"weapFireType": [
			"single",
			"fullauto"
		],
		"RecolDispersion": 25,
		"bFirerate": 700,
		"Ergonomics": 43,
		"Velocity": 0,
		"bEffDist": 400,
		"bHearDist": 80,
		"isChamberLoad": true,
		"chamberAmmoCount": 1,
		"isBoltCatch": false,
		"defMagType": "57838f0b2459774a256959b2",
		"defAmmo": "57a0dfb82459774d3078b56c",
		"shotgunDispersion": 0,
		"Chambers": [
			{
				"_name": "patron_in_weapon",
				"_id": "57838bcf2459774a26674906",
				"_parent": "57838ad32459774a17445cd2",
				"_props": {
					"filters": [
						{
							"Filter": [
								"5c0d688c86f77413ae3407b2",
								"57a0dfb82459774d3078b56c",
								"57a0e5022459774d1673f889",
								"5c0d668f86f7747ccb7f13b2"
							],
							"MaxStackCount": 0
						}
					]
				},
				"_required": false,
				"_mergeSlotWithChildren": false,
				"_proto": "55d4af244bdc2d962f8b4571"
			}
		],
		"CameraRecoil": 0.2,
		"CameraSnap": 3.5,
		"ReloadMode": "ExternalMagazine",
		"CenterOfImpact": 0.055,
		"AimPlane": 0.19,
		"DeviationCurve": 1,
		"DeviationMax": 100,
		"Foldable": true,
		"Retractable": false,
		"TacticalReloadStiffnes": {
			"x": 0.95,
			"y": 0.33,
			"z": 0.95
		},
		"TacticalReloadFixation": 0.95,
		"RecoilCenter": {
			"x": 0,
			"y": -0.25,
			"z": 0
		},
		"RotationCenter": {
			"x": 0,
			"y": -0.1,
			"z": -0.03
		},
		"RotationCenterNoStock": {
			"x": 0,
			"y": -0.27,
			"z": -0.08
		},
		"SizeReduceRight": 0,
		"FoldedSlot": "mod_stock",
		"CompactHandling": true,
		"SightingRange": 100,
		"MinRepairDegradation": 0,
		"MaxRepairDegradation": 0.01,
		"IronSightRange": 100,
		"MustBoltBeOpennedForExternalReload": false,
		"MustBoltBeOpennedForInternalReload": false,
		"BoltAction": false,
		"HipAccuracyRestorationDelay": 0.2,
		"HipAccuracyRestorationSpeed": 7,
		"HipInnaccuracyGain": 0.16,
		"ManualBoltCatch": false
	},
	"_proto": "5447a9cd4bdc2dbd208b4567"
}