{
    "_id": "G21m7",
    "_name": "mag_glock_glock_std_9x19_17",
    "_parent": "5448bc234bdc2d3c308b4569",
    "_type": "Item",
    "_props": {
        "Name": "mag_glock_glock_std_9x19_17",
        "ShortName": "mag_glock_glock_std_9x19_17",
        "Description": "mag_glock_glock_std_9x19_17",
        "Weight": 0.096,
        "BackgroundColor": "yellow",
        "Width": 1,
        "Height": 1,
        "StackMaxSize": 1,
        "Rarity": "Common",
        "SpawnChance": 3,
        "CreditsPrice": 1476,
        "ItemSound": "magazine_metal",
        "Prefab": {
            "path": "assets/content/items/mods/magazines/mag_glock_glock_std_9x19_17.bundle",
            "rcid": ""
        },
        "UsePrefab": {
            "path": "",
            "rcid": ""
        },
        "StackObjectsCount": 1,
        "NotShownInSlot": false,
        "ExaminedByDefault": false,
        "ExamineTime": 1,
        "IsUndiscardable": false,
        "IsUnsaleable": false,
        "IsUnbuyable": false,
        "IsUngivable": false,
        "IsLockedafterEquip": false,
        "QuestItem": false,
        "LootExperience": 10,
        "ExamineExperience": 2,
        "HideEntrails": false,
        "RepairCost": 0,
        "RepairSpeed": 0,
        "ExtraSizeLeft": 0,
        "ExtraSizeRight": 0,
        "ExtraSizeUp": 0,
        "ExtraSizeDown": 0,
        "ExtraSizeForceAdd": false,
        "MergesWithChildren": true,
        "CanSellOnRagfair": true,
        "CanRequireOnRagfair": true,
        "BannedFromRagfair": false,
        "ConflictingItems": [],
        "FixedPrice": false,
        "Unlootable": false,
        "UnlootableFromSlot": "FirstPrimaryWeapon",
        "UnlootableFromSide": [],
        "ChangePriceCoef": 1,
        "AllowSpawnOnLocations": [],
        "SendToClient": false,
        "AnimationVariantsNumber": 0,
        "DiscardingBlock": false,
        "Grids": [],
        "Slots": [],
        "CanPutIntoDuringTheRaid": true,
        "CantRemoveFromSlotsDuringRaid": [],
        "Durability": 100,
        "Accuracy": 0,
        "Recoil": 0,
        "Loudness": 0,
        "EffectiveDistance": 0,
        "Ergonomics": 0,
        "Velocity": 0,
        "RaidModdable": true,
        "ToolModdable": false,
        "BlocksFolding": false,
        "BlocksCollapsible": false,
        "IsAnimated": false,
        "HasShoulderContact": false,
        "SightingRange": 0,
        "magAnimationIndex": 0,
        "Cartridges": [
            {
                "_name": "cartridges",
                "_id": "5e81f423763d9f754677bf2e",
                "_parent": "5a718b548dc32e000d46d262",
                "_max_count": 7,
                "_props": {
                    "filters": [
                        {
                            "Filter": [
                                "5e81f423763d9f754677bf2e",
                                "5efb0cabfb3e451d70735af5",
                                "5efb0fc6aeb21837e749c801",
                                "5efb0d4f4bc50b58e81710f3",
                                "5ea2a8e200685063ec28c05a"
                            ]
                        }
                    ]
                },
                "_proto": "5748538b2459770af276a261"
            }
        ],
        "CanFast": true,
        "CanHit": false,
        "CanAdmin": false,
        "LoadUnloadModifier": -10,
        "CheckTimeModifier": -20,
        "CheckOverride": 2,
        "ReloadMagType": "ExternalMagazine",
        "VisibleAmmoRangesString": "1-3"
    },
    "_proto": "5448c12b4bdc2d02308b456f"
}