{
	"_id": "HBupper",
	"_name": "reciever_ar15_noveske_gen3",
	"_parent": "55818a304bdc2db5418b457d",
	"_type": "Item",
	"_props": {
		"Name": "reciever_ar15_noveske_gen3_stripped",
		"ShortName": "reciever_ar15_noveske_gen3_stripped",
		"Description": "reciever_ar15_noveske_gen3_stripped",
		"Weight": 0.212,
		"BackgroundColor": "violet",
		"Width": 2,
		"Height": 1,
		"StackMaxSize": 1,
		"Rarity": "Superrare",
		"SpawnChance": 3,
		"CreditsPrice": 15150,
		"ItemSound": "mod",
		"Prefab": {
			"path": "assets/content/items/mods/recievers/reciever_ar15_noveske_gen3.bundle",
			"rcid": ""
		},
		"UsePrefab": {
			"path": "",
			"rcid": ""
		},
		"StackObjectsCount": 1,
		"NotShownInSlot": false,
		"ExaminedByDefault": false,
		"ExamineTime": 1,
		"IsUndiscardable": false,
		"IsUnsaleable": false,
		"IsUnbuyable": false,
		"IsUngivable": false,
		"IsLockedafterEquip": false,
		"QuestItem": false,
		"LootExperience": 10,
		"ExamineExperience": 2,
		"HideEntrails": false,
		"RepairCost": 0,
		"RepairSpeed": 0,
		"ExtraSizeLeft": 0,
		"ExtraSizeRight": 0,
		"ExtraSizeUp": 0,
		"ExtraSizeDown": 0,
		"ExtraSizeForceAdd": false,
		"MergesWithChildren": true,
		"CanSellOnRagfair": true,
		"CanRequireOnRagfair": true,
		"BannedFromRagfair": false,
		"ConflictingItems": [],
		"FixedPrice": false,
		"Unlootable": false,
		"UnlootableFromSlot": "FirstPrimaryWeapon",
		"UnlootableFromSide": [],
		"ChangePriceCoef": 1,
		"AllowSpawnOnLocations": [],
		"SendToClient": false,
		"AnimationVariantsNumber": 0,
		"DiscardingBlock": false,
		"Grids": [],
		"Slots": [
			{
				"_name": "mod_scope",
				"_id": "5c07a8770db8340023300452",
				"_parent": "5c07a8770db8340023300450",
				"_props": {
					"filters": [
						{
							"Shift": 0,
							"Filter": [
								"57ac965c24597706be5f975c",
								"57aca93d2459771f2c7e26db",
								"544a3a774bdc2d3a388b4567",
								"5d2dc3e548f035404a1a4798",
								"57adff4f24597737f373b6e6",
								"5c0517910db83400232ffee5",
								"591c4efa86f7741030027726",
								"570fd79bd2720bc7458b4583",
								"570fd6c2d2720bc6458b457f",
								"558022b54bdc2dac148b458d",
								"5c07dd120db834001c39092d",
								"5c0a2cec0db834001b7ce47d",
								"58491f3324597764bc48fa02",
								"584924ec24597768f12ae244",
								"5b30b0dc5acfc400153b7124",
								"5d2da1e948f035477b1ce2ba",
								"5c0505e00db834001b735073",
								"584984812459776a704a82a6",
								"59f9d81586f7744c7506ee62",
								"570fd721d2720bc5458b4596",
								"57ae0171245977343c27bfcf",
								"5dfe6104585a0c3e995c7b82",
								"5d1b5e94d7ad1a2b865a96b0",
								"58d39d3d86f77445bb794ae7",
								"5c7d55f52e221644f31bff6a",
								"5b3b6dc75acfc47a8773fb1e",
								"5b2389515acfc4771e1be0c0",
								"577d128124597739d65d0e56",
								"5c86592b2e2216000e69e77c",
								"5a37ca54c4a282000d72296a",
								"5d0a29fed7ad1a002769ad08",
								"5c064c400db834001d23f468",
								"58d2664f86f7747fec5834f6",
								"57c69dd424597774c03b7bbc",
								"5b3b99265acfc4704b4a1afb",
								"5aa66a9be5b5b0214e506e89",
								"5aa66c72e5b5b00016327c93",
								"5c1cdd302e221602b3137250",
								"5b31163c5acfc400153b71cb",
								"5a33b652c4a28232996e407c",
								"5a33b2c9c4a282000c5a9511",
								"59db7eed86f77461f8380365",
								"5a1ead28fcdbcb001912fa9f",
								"5dff77c759400025ea5150cf"
							]
						}
					]
				},
				"_required": false,
				"_mergeSlotWithChildren": false,
				"_proto": "55d30c4c4bdc2db4468b457e"
			},
			{
				"_name": "mod_barrel",
				"_id": "HBbarrel",
				"_parent": "5c07a8770db8340023300450",
				"_props": {
					"filters": [
						{
							"Shift": 0,
							"Filter": [
								"HBbarrel",
								"HB_barrel_2",
								"HB_barrel_3"
							]
						}
					]
				},
				"_required": true,
				"_mergeSlotWithChildren": false,
				"_proto": "55d30c4c4bdc2db4468b457e"
			},
			{
				"_name": "mod_handguard",
				"_id": "5c07a8770db8340023300454",
				"_parent": "5c07a8770db8340023300450",
				"_props": {
					"filters": [
						{
							"Shift": 0,
							"Filter": [
								"5c5db5f22e2216000e5e47e8",
								"5894a42086f77426d2590762",
								"5c5db5fc2e2216000f1b2842",
								"5d00e0cbd7ad1a6c6566a42d",
								"5ea16acdfadf1d18c87b0784",
								"5c6d5d8b2e221644fc630b39",
								"5ea16ada09aa976f2e7a51be",
								"5c78f2492e221600114c9f04",
								"5c78f2612e221600114c9f0d",
								"5d122e7bd7ad1a07102d6d7f",
								"595cfa8b86f77427437e845b",
								"5d123102d7ad1a004e475fe5",
								"595cf16b86f77427440c32e2",
								"5b2cfa535acfc432ff4db7a0"
							]
						}
					]
				},
				"_required": true,
				"_mergeSlotWithChildren": false,
				"_proto": "55d30c4c4bdc2db4468b457e"
			},
			{
				"_name": "mod_sight_rear",
				"_id": "5c07a8770db8340023300455",
				"_parent": "5c07a8770db8340023300450",
				"_props": {
					"filters": [
						{
							"Shift": 0,
							"Filter": [
								"5bb20e49d4351e3bac1212de",
								"5ba26b17d4351e00367f9bdd",
								"5dfa3d7ac41b2312ea33362a",
								"5c1780312e221602b66cc189",
								"5bc09a18d4351e003562b68e",
								"5c18b9192e2216398b5a8104",
								"5894a81786f77427140b8347",
								"55d5f46a4bdc2d1b198b4567",
								"5ae30bad5acfc400185c2dc4"
							]
						}
					]
				},
				"_required": false,
				"_mergeSlotWithChildren": false,
				"_proto": "55d30c4c4bdc2db4468b457e"
			}
		],
		"CanPutIntoDuringTheRaid": true,
		"CantRemoveFromSlotsDuringRaid": [],
		"Durability": 100,
		"Accuracy": 0,
		"Recoil": -2,
		"Loudness": 0,
		"EffectiveDistance": 0,
		"Ergonomics": 13,
		"Velocity": 0,
		"RaidModdable": true,
		"ToolModdable": true,
		"BlocksFolding": false,
		"BlocksCollapsible": false,
		"IsAnimated": false,
		"HasShoulderContact": false,
		"SightingRange": 0
	},
	"_proto": "55d355e64bdc2d962f8b4569"
}