{
	"_id": "Honeybadger",
	"_name": "Honeybadger",
	"_parent": "5447b5f14bdc2d61278b4567",
	"_type": "Item",
	"_props": {
		"Name": "Honeybadger",
		"ShortName": "Honeybadger 5.56x45",
		"Description": "Honeybadger",
		"Weight": 0.38,
		"BackgroundColor": "violet",
		"Width": 1,
		"Height": 1,
		"StackMaxSize": 1,
		"Rarity": "Rare",
		"SpawnChance": 10,
		"CreditsPrice": 18397,
		"ItemSound": "weap_ar",
		"Prefab": {
			"path": "assets/content/weapons/adar_2-15/weapon_adar_2-15_556x45_container.bundle",
			"rcid": ""
		},
		"UsePrefab": {
			"path": "",
			"rcid": ""
		},
		"StackObjectsCount": 1,
		"NotShownInSlot": false,
		"ExaminedByDefault": true,
		"ExamineTime": 1,
		"IsUndiscardable": false,
		"IsUnsaleable": false,
		"IsUnbuyable": false,
		"IsUngivable": false,
		"IsLockedafterEquip": false,
		"QuestItem": false,
		"LootExperience": 30,
		"ExamineExperience": 8,
		"HideEntrails": false,
		"RepairCost": 1000,
		"RepairSpeed": 15,
		"ExtraSizeLeft": 0,
		"ExtraSizeRight": 0,
		"ExtraSizeUp": 0,
		"ExtraSizeDown": 0,
		"ExtraSizeForceAdd": false,
		"MergesWithChildren": true,
		"CanSellOnRagfair": true,
		"CanRequireOnRagfair": true,
		"BannedFromRagfair": false,
		"ConflictingItems": [],
		"FixedPrice": false,
		"Unlootable": false,
		"UnlootableFromSlot": "FirstPrimaryWeapon",
		"UnlootableFromSide": [],
		"ChangePriceCoef": 1,
		"AllowSpawnOnLocations": [],
		"SendToClient": false,
		"AnimationVariantsNumber": 0,
		"DiscardingBlock": false,
		"Grids": [],
		"Slots": [
			{
				"_name": "mod_pistol_grip",
				"_id": "55d354084bdc2d8c2f8b4568",
				"_parent": "5447a9cd4bdc2dbd208b4567",
				"_props": {
					"filters": [
						{
							"Shift": 0,
							"Filter": [
								"55d4b9964bdc2d1d4e8b456e",
								"571659bb2459771fb2755a12",
								"5cc9bcaed7f00c011c04e179",
								"5bb20e18d4351e00320205d5",
								"5bb20e0ed4351e3bac1212dc",
								"5d025cc1d7ad1a53845279ef",
								"5c6d7b3d2e221600114c9b7d",
								"57c55efc2459772d2c6271e7",
								"57af48872459771f0b2ebf11",
								"57c55f092459772d291a8463",
								"57c55f112459772d28133310",
								"57c55f172459772d27602381",
								"5a339805c4a2826c6e06d73d",
								"55802f5d4bdc2dac148b458f",
								"5d15cf3bd7ad1a67e71518b2",
								"59db3a1d86f77429e05b4e92",
								"59db3acc86f7742a2c4ab912",
								"59db3b0886f77429d72fb895",
								"5b07db875acfc40dc528a5f6"
							]
						}
					]
				},
				"_required": true,
				"_mergeSlotWithChildren": false,
				"_proto": "55d30c4c4bdc2db4468b457e"
			},
			{
				"_name": "mod_magazine",
				"_id": "55d3555c4bdc2d962f8b4568",
				"_parent": "5447a9cd4bdc2dbd208b4567",
				"_props": {
					"filters": [
						{
							"AnimationIndex": -1,
							"Filter": [
								"55d4887d4bdc2d962f8b4570",
								"5c05413a0db834001c390617",
								"5c6d450c2e221600114c997d",
								"5c6d42cb2e2216000e69d7d1",
								"59c1383d86f774290a37e0ca",
								"5aaa5e60e5b5b000140293d6",
								"5448c1d04bdc2dff2f8b4569",
								"5aaa5dfee5b5b000140293d3",
								"5d1340b3d7ad1a0b52682ed7",
								"544a378f4bdc2d30388b4567",
								"5d1340bdd7ad1a0e8d245aab",
								"55802d5f4bdc2dac148b458e",
								"5d1340cad7ad1a0b0b249869",
								"5c6592372e221600133e47d7",
								"544a37c44bdc2d25388b4567",
								"5c6d46132e221601da357d56"
							]
						}
					]
				},
				"_required": false,
				"_mergeSlotWithChildren": false,
				"_proto": "55d30c394bdc2dae468b4577"
			},
			{
				"_name": "mod_reciever",
				"_id": "HBupper",
				"_parent": "5447a9cd4bdc2dbd208b4567",
				"_props": {
					"filters": [
						{
							"Shift": 0,
							"Filter": [
								"HBupper"
							]
						}
					]
				},
				"_required": true,
				"_mergeSlotWithChildren": false,
				"_proto": "55d30c4c4bdc2db4468b457e"
			},
			{
				"_name": "mod_stock",
				"_id": "58ac1bf086f77420ed183f9f",
				"_parent": "5ba26383d4351e00334c93d9",
				"_props": {
					"filters": [
						{
							"Shift": 0,
							"Filter": [
								"5a33ca0fc4a282000d72292f",
								"5c0faeddd174af02a962601f",
								"5649be884bdc2d79388b4577",
								"5d120a10d7ad1a4e1026ba85",
								"5b0800175acfc400153aebd4",
								"5947e98b86f774778f1448bc",
								"5947eab886f77475961d96c5",
								"5c793fb92e221644f31bfb64",
								"5c793fc42e221600114ca25d",
								"591aef7986f774139d495f03",
								"591af10186f774139d495f0e",
								"58ac1bf086f77420ed183f9f",
								"5894a13e86f7742405482982",
								"5c5db6ee2e221600113fba54",
								"5c5db6f82e2216003a0fe914"
							]
						}
					]
				},
				"_required": true,
				"_mergeSlotWithChildren": false,
				"_proto": "55d30c4c4bdc2db4468b457e"
			},
			{
				"_name": "mod_charge",
				"_id": "55d5a30f4bdc2d882f8b4574",
				"_parent": "5447a9cd4bdc2dbd208b4567",
				"_props": {
					"filters": [
						{
							"Shift": 0,
							"Filter": [
								"5c0faf68d174af02a96260b8",
								"56ea7165d2720b6e518b4583",
								"55d44fd14bdc2d962f8b456e",
								"5ea16d4d5aad6446a939753d",
								"5bb20dbcd4351e44f824c04e",
								"5b2240bf5acfc40dc528af69",
								"5d44334ba4b9362b346d1948",
								"5c5db6b32e221600102611a0",
								"58949edd86f77409483e16a9",
								"58949fac86f77409483e16aa"
							]
						}
					]
				},
				"_required": true,
				"_mergeSlotWithChildren": false,
				"_proto": "55d30c4c4bdc2db4468b457e"
			}
		],
		"CanPutIntoDuringTheRaid": true,
		"CantRemoveFromSlotsDuringRaid": [],
		"weapClass": "assaultRifle",
		"weapUseType": "primary",
		"ammoCaliber": "Caliber300BLK",
		"Durability": 100,
		"MaxDurability": 100,
		"OperatingResource": 4000,
		"RepairComplexity": 0,
		"durabSpawnMin": 25,
		"durabSpawnMax": 75,
		"isFastReload": true,
		"RecoilForceUp": 189,
		"RecoilForceBack": 245,
		"Convergence": 1.5,
		"RecoilAngle": 90,
		"weapFireType": [
			"single",
			"fullauto"
		],
		"RecolDispersion": 25,
		"bFirerate": 950,
		"Ergonomics": 70,
		"Velocity": 0,
		"bEffDist": 500,
		"bHearDist": 80,
		"isChamberLoad": true,
		"chamberAmmoCount": 1,
		"isBoltCatch": true,
		"defMagType": "55d4887d4bdc2d962f8b4570",
		"defAmmo": "300BLK",
		"shotgunDispersion": 0,
		"Chambers": [
			{
				"_name": "patron_in_weapon",
				"_id": "56eaa85ad2720b69698b456c",
				"_parent": "5447a9cd4bdc2dbd208b4567",
				"_props": {
					"filters": [
						{
							"Filter": [
								"300BLK",
								"300XTP",
								"300HP",
								"300TR"
							]
						}
					]
				},
				"_required": false,
				"_mergeSlotWithChildren": false,
				"_proto": "55d4af244bdc2d962f8b4571"
			}
		],
		"CameraRecoil": 0.15,
		"CameraSnap": 3.5,
		"ReloadMode": "ExternalMagazine",
		"CenterOfImpact": 0.01,
		"AimPlane": 0.16,
		"DeviationCurve": 1,
		"DeviationMax": 100,
		"Foldable": true,
		"Retractable": false,
		"TacticalReloadStiffnes": {
			"x": 0.95,
			"y": 0.33,
			"z": 0.95
		},
		"TacticalReloadFixation": 0.95,
		"RecoilCenter": {
			"x": 0,
			"y": -0.24,
			"z": 0
		},
		"RotationCenter": {
			"x": 0,
			"y": -0.1,
			"z": 0
		},
		"RotationCenterNoStock": {
			"x": 0,
			"y": 0,
			"z": 0
		},
		"SizeReduceRight": 0,
		"FoldedSlot": "mod_stock",
		"CompactHandling": true,
		"SightingRange": 100,
		"MinRepairDegradation": 0,
		"MaxRepairDegradation": 0.01,
		"IronSightRange": 100,
		"MustBoltBeOpennedForExternalReload": false,
		"MustBoltBeOpennedForInternalReload": false,
		"BoltAction": false,
		"HipAccuracyRestorationDelay": 0.2,
		"HipAccuracyRestorationSpeed": 7,
		"HipInnaccuracyGain": 0.16,
		"ManualBoltCatch": false
	}
}