{
    "_id": "Hunter762",
    "_name": "weapon_molot_vepr_hunter_vpo-101_762x51",
    "_parent": "5447b5fc4bdc2d87278b4567",
    "_type": "Item",
    "_props": {
        "Name": "weapon_molot_vepr_km_vpo_136_762x39",
        "ShortName": "weapon_molot_vepr_km_vpo_136_762x39",
        "Description": "weapon_molot_vepr_km_vpo_136_762x39",
        "Weight": 2.092,
        "BackgroundColor": "black",
        "Width": 4,
        "Height": 1,
        "StackMaxSize": 1,
        "Rarity": "Rare",
        "SpawnChance": 5,
        "CreditsPrice": 38978,
        "ItemSound": "weap_ar",
        "Prefab": {
            "path": "assets/content/weapons/vpo-101/weapon_molot_vepr_hunter_vpo-101_762x51_container.bundle",
            "rcid": ""
        },
        "UsePrefab": {
            "path": "",
            "rcid": ""
        },
        "StackObjectsCount": 1,
        "NotShownInSlot": false,
        "ExaminedByDefault": false,
        "ExamineTime": 1,
        "IsUndiscardable": false,
        "IsUnsaleable": false,
        "IsUnbuyable": false,
        "IsUngivable": false,
        "IsLockedafterEquip": false,
        "QuestItem": false,
        "LootExperience": 30,
        "ExamineExperience": 10,
        "HideEntrails": false,
        "RepairCost": 60,
        "RepairSpeed": 5,
        "ExtraSizeLeft": 0,
        "ExtraSizeRight": 0,
        "ExtraSizeUp": 0,
        "ExtraSizeDown": 0,
        "ExtraSizeForceAdd": false,
        "MergesWithChildren": true,
        "CanSellOnRagfair": true,
        "CanRequireOnRagfair": true,
        "BannedFromRagfair": false,
        "ConflictingItems": [],
        "FixedPrice": false,
        "Unlootable": false,
        "UnlootableFromSlot": "FirstPrimaryWeapon",
        "UnlootableFromSide": [],
        "ChangePriceCoef": 1,
        "AllowSpawnOnLocations": [],
        "SendToClient": false,
        "AnimationVariantsNumber": 0,
        "DiscardingBlock": false,
        "Grids": [],
        "Slots": [
            {
                "_name": "mod_gas_block",
                "_id": "5c501a4d2e221602b412b543",
                "_parent": "5c501a4d2e221602b412b540",
                "_props": {
                    "filters": [
                        {
                            "Shift": 0,
                            "Filter": [
                                "762gastube"
                            ]
                        }
                    ]
                },
                "_required": true,
                "_mergeSlotWithChildren": false,
                "_proto": "55d30c4c4bdc2db4468b457e"
            },
            {
                "_name": "mod_reciever",
                "_id": "5c501a4d2e221602b412b547",
                "_parent": "5c501a4d2e221602b412b540",
                "_props": {
                    "filters": [
                        {
                            "Shift": 0,
                            "Filter": [
                                "5649af094bdc2df8348b4586",
                                "5ac50da15acfc4001718d287",
                                "59e6449086f7746c9f75e822"
                            ]
                        }
                    ]
                },
                "_required": false,
                "_mergeSlotWithChildren": false,
                "_proto": "55d30c4c4bdc2db4468b457e"
            },
            {
                "_name": "mod_sight_rear",
                "_id": "5c501a4d2e221602b412b548",
                "_parent": "5c501a4d2e221602b412b540",
                "_props": {
                    "filters": [
                        {
                            "Shift": 0,
                            "Filter": [
                                "5649d9a14bdc2d79388b4580",
                                "5c503b1c2e221602b21d6e9d"
                            ]
                        }
                    ]
                },
                "_required": false,
                "_mergeSlotWithChildren": false,
                "_proto": "55d30c4c4bdc2db4468b457e"
            },
            {
                "_name": "mod_stock",
                "_id": "5c501a4d2e221602b412b549",
                "_parent": "5c501a4d2e221602b412b540",
                "_props": {
                    "filters": [
                        {
                            "Shift": 0,
                            "Filter": [
                                "5c503af12e221602b177ca02",
                                "5f63405df5750b524b45f114"
                            ]
                        }
                    ]
                },
                "_required": true,
                "_mergeSlotWithChildren": false,
                "_proto": "55d30c4c4bdc2db4468b457e"
            },
            {
                "_name": "mod_magazine",
                "_id": "5c501a4d2e221602b412b54a",
                "_parent": "5c501a4d2e221602b412b540",
                "_props": {
                    "filters": [
                        {
                            "AnimationIndex": -1,
                            "Filter": [
                                "5c503ad32e2216398b5aada2",
                                "5c503ac82e221602b21d6e9a",
                                "59e5d83b86f7745aed03d262",
                                "5a01c29586f77474660c694c",
                                "5ac66bea5acfc43b321d4aec",
                                "59d625f086f774661516605d",
                                "5b1fd4e35acfc40018633c39",
                                "5a0060fc86f7745793204432",
                                "59e5f5a486f7746c530b3ce2",
                                "5b1fb3e15acfc4001637f068",
                                "59d6272486f77466146386ff",
                                "5e21a3c67e40bd02257a008a",
                                "5cbdc23eae9215001136a407",
                                "5c6175362e221600133e3b94",
                                "59fafc5086f7740dbe19f6c3",
                                "59fafc9386f774067d462453",
                                "5cfe8010d7ad1a59283b14c6"
                            ]
                        }
                    ]
                },
                "_required": false,
                "_mergeSlotWithChildren": false,
                "_proto": "55d30c394bdc2dae468b4577"
            },
            {
                "_name": "mod_mount",
                "_id": "5c63ef3f2e22160011418d76",
                "_parent": "5c501a4d2e221602b412b540",
                "_props": {
                    "filters": [
                        {
                            "Shift": 0,
                            "Filter": [
                                "5947db3f86f77447880cf76f",
                                "57486e672459770abd687134",
                                "5c82342f2e221644f31c060e",
                                "576fd4ec2459777f0b518431",
                                "5c82343a2e221644f31c0611",
                                "5cf638cbd7f00c06595bc936",
                                "5a7c74b3e899ef0014332c29",
                                "591ee00d86f774592f7b841e",
                                "5d0a29ead7ad1a0026013f27",
                                "57acb6222459771ec34b5cb0",
                                "5dff8db859400025ea5150d4",
                                "5c61a40d2e2216001403158d",
                                "5c90c3622e221601da359851"
                            ]
                        }
                    ]
                },
                "_required": false,
                "_mergeSlotWithChildren": false,
                "_proto": "55d30c4c4bdc2db4468b457e"
            },
            {
                "_name": "mod_muzzle",
                "_id": "5f635594a9a17b0c41556e82",
                "_parent": "5c501a4d2e221602b412b540",
                "_props": {
                    "filters": [
                        {
                            "Shift": 0,
                            "Filter": [
                                "5ac72e945acfc43f3b691116",
                                "5ac7655e5acfc40016339a19",
                                "5649aa744bdc2ded0b8b457e",
                                "5f633f791b231926f2329f13",
                                "5943eeeb86f77412d6384f6b",
                                "5cc9a96cd7f00c011c04e04a",
                                "5649ab884bdc2ded0b8b457f",
                                "57dc324a24597759501edc20",
                                "59bffc1f86f77435b128b872",
                                "593d493f86f7745e6b2ceb22",
                                "564caa3d4bdc2d17108b458e",
                                "57ffb0e42459777d047111c5"
                            ]
                        }
                    ]
                },
                "_required": false,
                "_mergeSlotWithChildren": false,
                "_proto": "55d30c4c4bdc2db4468b457e"
            }
        ],
        "CanPutIntoDuringTheRaid": true,
        "CantRemoveFromSlotsDuringRaid": [],
        "weapClass": "assaultRifle",
        "weapUseType": "primary",
        "ammoCaliber": "Caliber762x39",
        "Durability": 100,
        "MaxDurability": 100,
        "OperatingResource": 3000,
        "RepairComplexity": 0,
        "durabSpawnMin": 15,
        "durabSpawnMax": 65,
        "isFastReload": true,
        "RecoilForceUp": 265,
        "RecoilForceBack": 430,
        "Convergence": 1.5,
        "RecoilAngle": 85,
        "weapFireType": [
            "single"
        ],
        "RecolDispersion": 25,
        "bFirerate": 600,
        "Ergonomics": 29,
        "Velocity": 1.8,
        "bEffDist": 400,
        "bHearDist": 80,
        "isChamberLoad": true,
        "chamberAmmoCount": 1,
        "isBoltCatch": false,
        "defMagType": "5c503ad32e2216398b5aada2",
        "defAmmo": "59e0d99486f7744a32234762",
        "shotgunDispersion": 0,
        "Chambers": [
            {
                "_name": "patron_in_weapon",
                "_id": "5c501a4d2e221602b412b542",
                "_parent": "5c501a4d2e221602b412b540",
                "_props": {
                    "filters": [
                        {
                            "Filter": [
                                "59e0d99486f7744a32234762",
                                "59e4d3d286f774176a36250a",
                                "5656d7c34bdc2d9d198b4587",
                                "59e4cf5286f7741778269d8a",
                                "5efb0c1bd79ff02a1f5e68d9",
                                "59e4d24686f7741776641ac7"
                            ]
                        }
                    ]
                },
                "_required": false,
                "_mergeSlotWithChildren": false,
                "_proto": "55d4af244bdc2d962f8b4571"
            }
        ],
        "CameraRecoil": 0.2,
        "CameraSnap": 3.5,
        "ReloadMode": "ExternalMagazine",
        "CenterOfImpact": 0.065,
        "AimPlane": 0.19,
        "DeviationCurve": 1,
        "DeviationMax": 100,
        "Foldable": false,
        "Retractable": false,
        "TacticalReloadStiffnes": {
            "x": 0.95,
            "y": 0.33,
            "z": 0.95
        },
        "TacticalReloadFixation": 0.95,
        "RecoilCenter": {
            "x": 0,
            "y": -0.25,
            "z": 0
        },
        "RotationCenter": {
            "x": 0,
            "y": -0.1,
            "z": -0.03
        },
        "RotationCenterNoStock": {
            "x": 0,
            "y": -0.27,
            "z": -0.08
        },
        "SizeReduceRight": 0,
        "FoldedSlot": "",
        "CompactHandling": true,
        "SightingRange": 100,
        "MinRepairDegradation": 0,
        "MaxRepairDegradation": 0.01,
        "IronSightRange": 100,
        "MustBoltBeOpennedForExternalReload": false,
        "MustBoltBeOpennedForInternalReload": false,
        "BoltAction": false,
        "HipAccuracyRestorationDelay": 0.2,
        "HipAccuracyRestorationSpeed": 7,
        "HipInnaccuracyGain": 0.16,
        "ManualBoltCatch": false
    },
    "_proto": "5447a9cd4bdc2dbd208b4567"
}