{
    "_id": "m459mm",
    "_name": "weapon_colt_m45a1_1143x23",
    "_parent": "5447b5cf4bdc2d65278b4567",
    "_type": "Item",
    "_props": {
        "Name": "weapon_colt_m45a1_1143x23",
        "ShortName": "weapon_colt_m45a1_1143x23",
        "Description": "weapon_colt_m45a1_1143x23",
        "Weight": 0.205,
        "BackgroundColor": "black",
        "Width": 2,
        "Height": 1,
        "StackMaxSize": 1,
        "Rarity": "Superrare",
        "SpawnChance": 2,
        "CreditsPrice": 7408,
        "ItemSound": "weap_pistol",
        "Prefab": {
            "path": "assets/content/weapons/m1911a1/weapon_colt_m45a1_1143x23_container.bundle",
            "rcid": ""
        },
        "UsePrefab": {
            "path": "",
            "rcid": ""
        },
        "StackObjectsCount": 1,
        "NotShownInSlot": false,
        "ExaminedByDefault": false,
        "ExamineTime": 1,
        "IsUndiscardable": false,
        "IsUnsaleable": false,
        "IsUnbuyable": false,
        "IsUngivable": false,
        "IsLockedafterEquip": false,
        "QuestItem": false,
        "LootExperience": 20,
        "ExamineExperience": 10,
        "HideEntrails": false,
        "RepairCost": 12,
        "RepairSpeed": 2,
        "ExtraSizeLeft": 0,
        "ExtraSizeRight": 0,
        "ExtraSizeUp": 0,
        "ExtraSizeDown": 0,
        "ExtraSizeForceAdd": false,
        "MergesWithChildren": true,
        "CanSellOnRagfair": true,
        "CanRequireOnRagfair": true,
        "BannedFromRagfair": false,
        "ConflictingItems": [],
        "FixedPrice": false,
        "Unlootable": false,
        "UnlootableFromSlot": "FirstPrimaryWeapon",
        "UnlootableFromSide": [],
        "ChangePriceCoef": 1,
        "AllowSpawnOnLocations": [],
        "SendToClient": false,
        "AnimationVariantsNumber": 0,
        "DiscardingBlock": false,
        "Grids": [],
        "Slots": [
            {
                "_name": "mod_barrel",
                "_id": "5f36a0e5fbf956000b716b67",
                "_parent": "5f36a0e5fbf956000b716b65",
                "_props": {
                    "filters": [
                        {
                            "Shift": 0,
                            "Filter": [
                                "5e81c519cb2b95385c177551",
                                "5f3e7801153b8571434a924c",
                                "5f3e77f59103d430b93f94c1"
                            ]
                        }
                    ]
                },
                "_required": true,
                "_mergeSlotWithChildren": false,
                "_proto": "55d30c4c4bdc2db4468b457e"
            },
            {
                "_name": "mod_pistol_grip",
                "_id": "5f36a0e5fbf956000b716b68",
                "_parent": "5f36a0e5fbf956000b716b65",
                "_props": {
                    "filters": [
                        {
                            "Shift": 0,
                            "Filter": [
                                "5f3e778efcd9b651187d7201"
                            ]
                        }
                    ]
                },
                "_required": true,
                "_mergeSlotWithChildren": false,
                "_proto": "55d30c4c4bdc2db4468b457e"
            },
            {
                "_name": "mod_reciever",
                "_id": "5f36a0e5fbf956000b716b69",
                "_parent": "5f36a0e5fbf956000b716b65",
                "_props": {
                    "filters": [
                        {
                            "Shift": 0,
                            "Filter": [
                                "5e81edc13397a21db957f6a1",
                                "5f3e7823ddc4f03b010e2045"
                            ]
                        }
                    ]
                },
                "_required": true,
                "_mergeSlotWithChildren": false,
                "_proto": "55d30c4c4bdc2db4468b457e"
            },
            {
                "_name": "mod_magazine",
                "_id": "5f36a0e5fbf956000b716b6a",
                "_parent": "5f36a0e5fbf956000b716b65",
                "_props": {
                    "filters": [
                        {
                            "AnimationIndex": 0,
                            "Filter": [
                                "5e81c4ca763d9f754677befa",
                                "5f3e77b26cda304dcc634057",
                                "5ef3448ab37dfd6af863525c"
                            ]
                        }
                    ]
                },
                "_required": false,
                "_mergeSlotWithChildren": false,
                "_proto": "55d30c394bdc2dae468b4577"
            },
            {
                "_name": "mod_trigger",
                "_id": "5f36a0e5fbf956000b716b6b",
                "_parent": "5f36a0e5fbf956000b716b65",
                "_props": {
                    "filters": [
                        {
                            "Shift": 0,
                            "Filter": [
                                "5ef32e4d1c1fd62aea6a150d",
                                "5e81c6a2ac2bb513793cdc7f",
                                "5f3e772a670e2a7b01739a52"
                            ]
                        }
                    ]
                },
                "_required": true,
                "_mergeSlotWithChildren": false,
                "_proto": "55d30c4c4bdc2db4468b457e"
            },
            {
                "_name": "mod_hammer",
                "_id": "5f36a0e5fbf956000b716b6c",
                "_parent": "5f36a0e5fbf956000b716b65",
                "_props": {
                    "filters": [
                        {
                            "Shift": 0,
                            "Filter": [
                                "5f3e76d86cda304dcc634054",
                                "5ef35f46382a846010715a96",
                                "5ef35d2ac64c5d0dfc0571b0",
                                "5ef35bc243cb350a955a7ccd"
                            ]
                        }
                    ]
                },
                "_required": true,
                "_mergeSlotWithChildren": false,
                "_proto": "55d30c4c4bdc2db4468b457e"
            },
            {
                "_name": "mod_catch",
                "_id": "5f36a0e5fbf956000b716b6d",
                "_parent": "5f36a0e5fbf956000b716b65",
                "_props": {
                    "filters": [
                        {
                            "Shift": 0,
                            "Filter": [
                                "5e81c539cb2b95385c177553",
                                "5f3e777688ca2d00ad199d25",
                                "5ef3553c43cb350a955a7ccb"
                            ]
                        }
                    ]
                },
                "_required": true,
                "_mergeSlotWithChildren": false,
                "_proto": "55d30c4c4bdc2db4468b457e"
            },
            {
                "_name": "mod_mount_000",
                "_id": "5f36a0e5fbf956000b716b6e",
                "_parent": "5f36a0e5fbf956000b716b65",
                "_props": {
                    "filters": [
                        {
                            "Shift": 0,
                            "Filter": [
                                "5a800961159bd4315e3a1657",
                                "5cc9c20cd7f00c001336c65d",
                                "5d2369418abbc306c62e0c80",
                                "5b07dd285acfc4001754240d",
                                "56def37dd2720bec348b456a",
                                "5a7b483fe899ef0016170d15",
                                "5a5f1ce64f39f90b401987bc",
                                "560d657b4bdc2da74d8b4572",
                                "5b3a337e5acfc4704b4a19a0"
                            ]
                        }
                    ]
                },
                "_required": false,
                "_mergeSlotWithChildren": false,
                "_proto": "55d30c4c4bdc2db4468b457e"
            }
        ],
        "CanPutIntoDuringTheRaid": true,
        "CantRemoveFromSlotsDuringRaid": [],
        "weapClass": "pistol",
        "weapUseType": "secondary",
        "ammoCaliber": "Caliber9x19",
        "Durability": 100,
        "MaxDurability": 100,
        "OperatingResource": 14000,
        "RepairComplexity": 0,
        "durabSpawnMin": 25,
        "durabSpawnMax": 70,
        "isFastReload": true,
        "RecoilForceUp": 436,
        "RecoilForceBack": 268,
        "Convergence": 6,
        "RecoilAngle": 70,
        "weapFireType": [
            "single"
        ],
        "RecolDispersion": 20,
        "bFirerate": 30,
        "Ergonomics": 78,
        "Velocity": 0,
        "bEffDist": 50,
        "bHearDist": 80,
        "isChamberLoad": true,
        "chamberAmmoCount": 1,
        "isBoltCatch": true,
        "defMagType": "5f3e77b26cda304dcc634057",
        "defAmmo": "5e81f423763d9f754677bf2e",
        "shotgunDispersion": 10,
        "Chambers": [
            {
                "_name": "patron_in_weapon",
                "_id": "5f36a0e5fbf956000b716b70",
                "_parent": "5f36a0e5fbf956000b716b65",
                "_props": {
                    "filters": [
                        {
                            "Filter": [
                                "5efb0da7a29a85116f6ea05f",
                                "5c3df7d588a4501f290594e5",
                                "58864a4f2459770fcc257101",
                                "56d59d3ad2720bdb418b4577",
                                "5c925fa22e221601da359b7b",
                                "5a3c16fe86f77452b62de32a",
                                "5efb0e16aeb21837e749c7ff",
                                "5c0d56a986f774449d5de529"
                            ]
                        }
                    ]
                },
                "_required": false,
                "_mergeSlotWithChildren": false,
                "_proto": "55d4af244bdc2d962f8b4571"
            }
        ],
        "CameraRecoil": 0.05,
        "CameraSnap": 3.5,
        "ReloadMode": "ExternalMagazine",
        "CenterOfImpact": 0,
        "AimPlane": 0.026,
        "DeviationCurve": 1,
        "DeviationMax": 100,
        "Foldable": false,
        "Retractable": false,
        "TacticalReloadStiffnes": {
            "x": 0.95,
            "y": 0.33,
            "z": 0.95
        },
        "TacticalReloadFixation": 0.95,
        "RecoilCenter": {
            "x": 0,
            "y": -0.44,
            "z": -0.005
        },
        "RotationCenter": {
            "x": 0,
            "y": 0,
            "z": 0
        },
        "RotationCenterNoStock": {
            "x": 0,
            "y": -0.45,
            "z": -0.08
        },
        "SizeReduceRight": 0,
        "FoldedSlot": "",
        "CompactHandling": false,
        "SightingRange": 100,
        "MinRepairDegradation": 0,
        "MaxRepairDegradation": 0.01,
        "IronSightRange": 25,
        "MustBoltBeOpennedForExternalReload": false,
        "MustBoltBeOpennedForInternalReload": false,
        "BoltAction": false,
        "HipAccuracyRestorationDelay": 0.2,
        "HipAccuracyRestorationSpeed": 7,
        "HipInnaccuracyGain": 0.16,
        "ManualBoltCatch": false
    },
    "_proto": "5448bd6b4bdc2dfc2f8b4569"
}