{
    "_id": "RFBtest",
    "_name": "weapon_kel_tec_rfb_762x51",
    "_parent": "5447b6194bdc2d67278b4567",
    "_type": "Item",
    "_props": {
        "Name": "weapon_kel_tec_rfb_762x51",
        "ShortName": "weapon_kel_tec_rfb_762x51",
        "Description": "weapon_kel_tec_rfb_762x51\n",
        "Weight": 1.95,
        "BackgroundColor": "black",
        "Width": 4,
        "Height": 1,
        "StackMaxSize": 1,
        "Rarity": "Rare",
        "SpawnChance": 2,
        "CreditsPrice": 25605,
        "ItemSound": "weap_dmr",
        "Prefab": {
            "path": "assets/content/weapons/rfb/weapon_kel_tec_rfb_762x51_container.bundle",
            "rcid": ""
        },
        "UsePrefab": {
            "path": "",
            "rcid": ""
        },
        "StackObjectsCount": 1,
        "NotShownInSlot": false,
        "ExaminedByDefault": false,
        "ExamineTime": 1,
        "IsUndiscardable": false,
        "IsUnsaleable": false,
        "IsUnbuyable": false,
        "IsUngivable": false,
        "IsLockedafterEquip": false,
        "QuestItem": false,
        "LootExperience": 30,
        "ExamineExperience": 8,
        "HideEntrails": false,
        "RepairCost": 420,
        "RepairSpeed": 15,
        "ExtraSizeLeft": 0,
        "ExtraSizeRight": 0,
        "ExtraSizeUp": 0,
        "ExtraSizeDown": 0,
        "ExtraSizeForceAdd": false,
        "MergesWithChildren": true,
        "CanSellOnRagfair": true,
        "CanRequireOnRagfair": true,
        "BannedFromRagfair": false,
        "ConflictingItems": [],
        "FixedPrice": false,
        "Unlootable": false,
        "UnlootableFromSlot": "FirstPrimaryWeapon",
        "UnlootableFromSide": [],
        "ChangePriceCoef": 1,
        "AllowSpawnOnLocations": [],
        "SendToClient": false,
        "AnimationVariantsNumber": 0,
        "DiscardingBlock": false,
        "Grids": [],
        "Slots": [
            {
                "_name": "mod_magazine",
                "_id": "5f2a9575926fd93523393822",
                "_parent": "5f2a9575926fd9352339381f",
                "_props": {
                    "filters": [
                        {
                            "AnimationIndex": -1,
                            "Filter": [
                                "5ba264f6d4351e0034777d52",
                                "5ba2657ed4351e0035628ff2",
                                "5ba26586d4351e44f824b340"
                            ]
                        }
                    ]
                },
                "_required": false,
                "_mergeSlotWithChildren": false,
                "_proto": "55d30c394bdc2dae468b4577"
            },
            {
                "_name": "mod_barrel",
                "_id": "5f2a9575926fd93523393825",
                "_parent": "5f2a9575926fd9352339381f",
                "_props": {
                    "filters": [
                        {
                            "Shift": 0,
                            "Filter": [
                                "5c5db5962e2216000e5e46eb",
                                "5c5db5b82e2216003a0fe71d",
                                "58aeaaa886f7744fc1560f81"
                            ]
                        }
                    ]
                },
                "_required": true,
                "_mergeSlotWithChildren": false,
                "_proto": "55d30c4c4bdc2db4468b457e"
            },
            {
                "_name": "mod_handguard",
                "_id": "5f32901b31397017e316ceff",
                "_parent": "5f2a9575926fd9352339381f",
                "_props": {
                    "filters": [
                        {
                            "Shift": 0,
                            "Filter": [
                                "5f2aa47a200e2c0ee46efa71"
                            ]
                        }
                    ]
                },
                "_required": true,
                "_mergeSlotWithChildren": false,
                "_proto": "55d30c4c4bdc2db4468b457e"
            },
            {
                "_name": "mod_mount",
                "_id": "5f4c08e8420b2128d236dc73",
                "_parent": "5f2a9575926fd9352339381f",
                "_props": {
                    "filters": [
                        {
                            "Shift": 0,
                            "Filter": [
                                "5f2aa49f9b44de6b1b4e68d4"
                            ]
                        }
                    ]
                },
                "_required": false,
                "_mergeSlotWithChildren": false,
                "_proto": "55d30c4c4bdc2db4468b457e"
            }
        ],
        "CanPutIntoDuringTheRaid": true,
        "CantRemoveFromSlotsDuringRaid": [],
        "weapClass": "smg",
        "weapUseType": "primary",
        "ammoCaliber": "Caliber46x30mm",
        "Durability": 100,
        "MaxDurability": 100,
        "OperatingResource": 4000,
        "RepairComplexity": 0,
        "durabSpawnMin": 25,
        "durabSpawnMax": 75,
        "isFastReload": true,
        "RecoilForceUp": 60,
        "RecoilForceBack": 120,
        "Convergence": 1.5,
        "RecoilAngle": 90,
        "weapFireType": [
            "single",
            "burst",
            "fullauto"
        ],
        "RecolDispersion": 25,
        "bFirerate": 850,
        "Ergonomics": 48,
        "Velocity": 0,
        "bEffDist": 900,
        "bHearDist": 80,
        "isChamberLoad": false,
        "chamberAmmoCount": 1,
        "isBoltCatch": true,
        "defMagType": "5ba264f6d4351e0034777d52",
        "defAmmo": "5ba26835d4351e0035628ff5",
        "shotgunDispersion": 0,
        "Chambers": [
            {
                "_name": "patron_in_weapon",
                "_id": "5f2a9576926fd93523393828",
                "_parent": "5f2a9575926fd9352339381f",
                "_props": {
                    "filters": [
                        {
                            "Filter": [
                                "5ba26835d4351e0035628ff5",
                                "5ba2678ad4351e44f824b344",
                                "5ba26844d4351e00334c9475",
                                "5ba26812d4351e003201fef1"
                            ]
                        }
                    ]
                },
                "_required": false,
                "_mergeSlotWithChildren": false,
                "_proto": "55d4af244bdc2d962f8b4571"
            }
        ],
        "CameraRecoil": 0.12,
        "CameraSnap": 3.5,
        "ReloadMode": "ExternalMagazine",
        "CenterOfImpact": 0,
        "AimPlane": 0.22,
        "DeviationCurve": 1,
        "DeviationMax": 100,
        "Foldable": false,
        "Retractable": false,
        "TacticalReloadStiffnes": {
            "x": 0.95,
            "y": 0.33,
            "z": 0.95
        },
        "TacticalReloadFixation": 0.95,
        "RecoilCenter": {
            "x": 0,
            "y": -0.3,
            "z": 0
        },
        "RotationCenter": {
            "x": 0,
            "y": -0.1,
            "z": 0
        },
        "RotationCenterNoStock": {
            "x": 0,
            "y": 0,
            "z": 0
        },
        "SizeReduceRight": 0,
        "FoldedSlot": "",
        "CompactHandling": false,
        "SightingRange": 100,
        "MinRepairDegradation": 0,
        "MaxRepairDegradation": 0.01,
        "IronSightRange": 100,
        "MustBoltBeOpennedForExternalReload": false,
        "MustBoltBeOpennedForInternalReload": false,
        "BoltAction": false,
        "HipAccuracyRestorationDelay": 0.2,
        "HipAccuracyRestorationSpeed": 7,
        "HipInnaccuracyGain": 0.16,
        "ManualBoltCatch": false
    },
    "_proto": "5447a9cd4bdc2dbd208b4567"
}