{
        "_id": "59e8936686f77467ce798647",
        "_name": "test_balaclava",
        "_parent": "5a341c4686f77469e155819e",
        "_type": "Item",
        "_props": {
            "Name": "Balaclava_test",
            "ShortName": "Balaclava_test",
            "Description": "Balaclava_test",
            "Weight": 0.1,
            "BackgroundColor": "green",
            "Width": 2,
            "Height": 2,
            "StackMaxSize": 1,
            "Rarity": "Not_exist",
            "SpawnChance": 50,
            "CreditsPrice": 1600,
            "ItemSound": "gear_generic",
            "Prefab": {
                "path": "assets/content/items/equipment/facecover_balaclava/item_equipment_facecover_balaclava_development.bundle",
                "rcid": ""
            },
            "UsePrefab": {
                "path": "",
                "rcid": ""
            },
            "StackObjectsCount": 1,
            "NotShownInSlot": false,
            "ExaminedByDefault": false,
            "ExamineTime": 1,
            "IsUndiscardable": false,
            "IsUnsaleable": false,
            "IsUnbuyable": false,
            "IsUngivable": false,
            "IsLockedafterEquip": false,
            "QuestItem": false,
            "LootExperience": 20,
            "ExamineExperience": 10,
            "HideEntrails": false,
            "RepairCost": 0,
            "RepairSpeed": 0,
            "ExtraSizeLeft": 0,
            "ExtraSizeRight": 0,
            "ExtraSizeUp": 0,
            "ExtraSizeDown": 0,
            "ExtraSizeForceAdd": false,
            "MergesWithChildren": false,
            "CanSellOnRagfair": true,
            "CanRequireOnRagfair": true,
            "ConflictingItems": [],
            "FixedPrice": false,
            "Unlootable": false,
            "UnlootableFromSlot": "FirstPrimaryWeapon",
            "UnlootableFromSide": [],
            "ChangePriceCoef": 1,
            "AllowSpawnOnLocations": [],
            "SendToClient": false,
            "AnimationVariantsNumber": 0,
            "DiscardingBlock": false,
            "RagFairCommissionModifier": 1,
            "Grids": [],
            "Slots": [],
            "CanPutIntoDuringTheRaid": true,
            "CantRemoveFromSlotsDuringRaid": [],
            "BlocksEarpiece": false,
            "BlocksEyewear": false,
            "BlocksHeadwear": false,
            "BlocksFaceCover": false,
            "Durability": 5000,
            "MaxDurability": 5000,
            "armorClass": "10",
            "speedPenaltyPercent": 0,
            "mousePenalty": 0,
            "weaponErgonomicPenalty": 0,
            "armorZone": [
                "Head",
                "LeftArm",
                "RightArm",
                "Chest",
                "Stomach",
                "LeftLeg",
                "RightLeg"
            ],
            "Indestructibility": 1,
            "headSegments": [],
            "FaceShieldComponent": false,
            "FaceShieldMask": "NoMask",
            "HasHinge": false,
            "MaterialType": "BodyArmor",
            "RicochetParams": {
                "x": 0,
                "y": 0,
                "z": 80
            },
            "DeafStrength": "None",
            "BluntThroughput": 0,
            "ArmorMaterial": "UHMWPE",
            "BlindnessProtection": 0
        },
        "_proto": "572b7d8524597762b472f9d1"
    }