{
    "_id": "weight-green",
    "_name": "armband_green",
    "_parent": "5b3f15d486f77432d0509248",
    "_type": "Item",
    "_props": {
        "Name": "armband_green",
        "ShortName": "armband_green",
        "Description": "armband_green",
        "Weight": 0.05,
        "BackgroundColor": "blue",
        "Width": 1,
        "Height": 1,
        "StackMaxSize": 1,
        "Rarity": "Not_exist",
        "SpawnChance": 50,
        "CreditsPrice": 527,
        "ItemSound": "generic",
        "Prefab": {
            "path": "assets/content/items/equipment/armband/item_equipment_armband_green.bundle",
            "rcid": ""
        },
        "UsePrefab": {
            "path": "",
            "rcid": ""
        },
        "StackObjectsCount": 1,
        "NotShownInSlot": false,
        "ExaminedByDefault": true,
        "ExamineTime": 1,
        "IsUndiscardable": false,
        "IsUnsaleable": false,
        "IsUnbuyable": false,
        "IsUngivable": false,
        "IsLockedafterEquip": false,
        "QuestItem": false,
        "LootExperience": 20,
        "ExamineExperience": 10,
        "HideEntrails": false,
        "RepairCost": 0,
        "RepairSpeed": 0,
        "ExtraSizeLeft": 0,
        "ExtraSizeRight": 0,
        "ExtraSizeUp": 0,
        "ExtraSizeDown": 0,
        "ExtraSizeForceAdd": false,
        "MergesWithChildren": false,
        "CanSellOnRagfair": true,
        "CanRequireOnRagfair": true,
        "BannedFromRagfair": false,
        "ConflictingItems": [],
        "FixedPrice": false,
        "Unlootable": false,
        "UnlootableFromSlot": "FirstPrimaryWeapon",
        "UnlootableFromSide": [],
        "ChangePriceCoef": 1,
        "AllowSpawnOnLocations": [],
        "SendToClient": false,
        "AnimationVariantsNumber": 0,
        "DiscardingBlock": false,
        "Grids": [],
        "Slots": [],
        "CanPutIntoDuringTheRaid": true,
        "CantRemoveFromSlotsDuringRaid": [],
        "BlocksEarpiece": false,
        "BlocksEyewear": false,
        "BlocksHeadwear": false,
        "BlocksFaceCover": false
    }
}