{
	"_id": "544a37c44bdc2d25388b4567",
	"_name": "mag_stanag_surefire_mag5_556x45_60",
	"_parent": "5448bc234bdc2d3c308b4569",
	"_type": "Item",
	"_props": {
		"Name": "Магазин MAG5-60 5.56x45 STANAG на 60 патронов",
		"ShortName": "5.56x45 MAG5-60",
		"Description": "60-ти зарядный металлический магазин Surefire MAG5-60 повышенной емкости, под патрон 5.56х45.\n",
		"Weight": 0.18,
		"BackgroundColor": "yellow",
		"Width": 1,
		"Height": 2,
		"StackMaxSize": 1,
		"Rarity": "Rare",
		"SpawnChance": 1,
		"CreditsPrice": 22755,
		"ItemSound": "magazine_metal",
		"Prefab": {
			"path": "assets/content/items/mods/magazines/mag_stanag_surefire_mag5_556x45_60.bundle",
			"rcid": ""
		},
		"UsePrefab": {
			"path": "",
			"rcid": ""
		},
		"StackObjectsCount": 1,
		"NotShownInSlot": false,
		"ExaminedByDefault": false,
		"ExamineTime": 1,
		"IsUndiscardable": false,
		"IsUnsaleable": false,
		"IsUnbuyable": false,
		"IsUngivable": false,
		"IsLockedafterEquip": false,
		"QuestItem": false,
		"LootExperience": 30,
		"ExamineExperience": 2,
		"HideEntrails": false,
		"RepairCost": 0,
		"RepairSpeed": 0,
		"ExtraSizeLeft": 0,
		"ExtraSizeRight": 0,
		"ExtraSizeUp": 0,
		"ExtraSizeDown": 1,
		"ExtraSizeForceAdd": false,
		"MergesWithChildren": true,
		"CanSellOnRagfair": true,
		"CanRequireOnRagfair": true,
		"BannedFromRagfair": false,
		"ConflictingItems": [],
		"FixedPrice": false,
		"Unlootable": false,
		"UnlootableFromSlot": "FirstPrimaryWeapon",
		"UnlootableFromSide": [],
		"ChangePriceCoef": 1,
		"AllowSpawnOnLocations": [],
		"SendToClient": false,
		"AnimationVariantsNumber": 0,
		"DiscardingBlock": false,
		"Grids": [],
		"Slots": [],
		"CanPutIntoDuringTheRaid": true,
		"CantRemoveFromSlotsDuringRaid": [],
		"Durability": 100,
		"Accuracy": 0,
		"Recoil": 0,
		"Loudness": 0,
		"EffectiveDistance": 0,
		"Ergonomics": -15,
		"Velocity": 0,
		"RaidModdable": true,
		"ToolModdable": false,
		"BlocksFolding": false,
		"BlocksCollapsible": false,
		"IsAnimated": false,
		"HasShoulderContact": false,
		"SightingRange": 0,
		"magAnimationIndex": 4,
		"Cartridges": [
			{
				"_name": "cartridges",
				"_id": "57487b4d2459771f643ff538",
				"_parent": "544a37c44bdc2d25388b4567",
				"_max_count": 60,
				"_props": {
					"filters": [
						{
							"Filter": [
								"59e6920f86f77411d82aa167",
								"59e6927d86f77411da468256",
								"54527a984bdc2d4e668b4567",
								"54527ac44bdc2d36668b4567",
								"59e68f6f86f7746c9f75e846",
								"59e6906286f7746c9f75e847",
								"59e690b686f7746c9f75e848",
								"59e6918f86f7746c9f75e849",
								"5c0d5ae286f7741e46554302",
								"300BLK",
								"300HP",
								"300TR",
								"300XTP"
							]
						}
					]
				},
				"_proto": "5748538b2459770af276a261"
			}
		],
		"CanFast": false,
		"CanHit": false,
		"CanAdmin": false,
		"LoadUnloadModifier": 20,
		"CheckTimeModifier": 25,
		"CheckOverride": 0,
		"ReloadMagType": "ExternalMagazine",
		"VisibleAmmoRangesString": "1-3"
	}
}