{
	"_id": "55d4887d4bdc2d962f8b4570",
	"_name": "mag_stanag_colt_ar15_std_556x45_30",
	"_parent": "5448bc234bdc2d3c308b4569",
	"_type": "Item",
	"_props": {
		"Name": "Магазин Colt AR-15 5.56x45 STANAG на 30 патронов",
		"ShortName": "5.56x45 Colt AR-15",
		"Description": "30-ти зарядный металлический магазин Colt AR-15 выполненный по стандарту STANAG 4179, под патрон 5.56х45.\nСтандарт STANAG 4179 был принят членами НАТО в 1980 г., что бы дать возможность союзникам унифицировать боеприпасы и магазины на уровне отдельных солдат.",
		"Weight": 0.117,
		"BackgroundColor": "yellow",
		"Width": 1,
		"Height": 2,
		"StackMaxSize": 1,
		"Rarity": "Common",
		"SpawnChance": 5,
		"CreditsPrice": 2012,
		"ItemSound": "mag_plastic",
		"Prefab": {
			"path": "assets/content/items/mods/magazines/mag_stanag_colt_ar15_std_556x45_30.bundle",
			"rcid": ""
		},
		"UsePrefab": {
			"path": "",
			"rcid": ""
		},
		"StackObjectsCount": 1,
		"NotShownInSlot": false,
		"ExaminedByDefault": false,
		"ExamineTime": 1,
		"IsUndiscardable": false,
		"IsUnsaleable": false,
		"IsUnbuyable": false,
		"IsUngivable": false,
		"IsLockedafterEquip": false,
		"QuestItem": false,
		"LootExperience": 20,
		"ExamineExperience": 2,
		"HideEntrails": false,
		"RepairCost": 0,
		"RepairSpeed": 0,
		"ExtraSizeLeft": 0,
		"ExtraSizeRight": 0,
		"ExtraSizeUp": 0,
		"ExtraSizeDown": 1,
		"ExtraSizeForceAdd": false,
		"MergesWithChildren": true,
		"CanSellOnRagfair": true,
		"CanRequireOnRagfair": true,
		"BannedFromRagfair": false,
		"ConflictingItems": [],
		"FixedPrice": false,
		"Unlootable": false,
		"UnlootableFromSlot": "FirstPrimaryWeapon",
		"UnlootableFromSide": [],
		"ChangePriceCoef": 1,
		"AllowSpawnOnLocations": [],
		"SendToClient": false,
		"AnimationVariantsNumber": 0,
		"DiscardingBlock": false,
		"Grids": [],
		"Slots": [],
		"CanPutIntoDuringTheRaid": true,
		"CantRemoveFromSlotsDuringRaid": [],
		"Durability": 100,
		"Accuracy": 0,
		"Recoil": 0,
		"Loudness": 0,
		"EffectiveDistance": 0,
		"Ergonomics": -5,
		"Velocity": 0,
		"RaidModdable": true,
		"ToolModdable": false,
		"BlocksFolding": false,
		"BlocksCollapsible": false,
		"IsAnimated": false,
		"HasShoulderContact": false,
		"SightingRange": 0,
		"magAnimationIndex": 0,
		"Cartridges": [
			{
				"_name": "cartridges",
				"_id": "574880192459771f661283c3",
				"_parent": "55d4887d4bdc2d962f8b4570",
				"_max_count": 30,
				"_props": {
					"filters": [
						{
							"Filter": [
								"59e6920f86f77411d82aa167",
								"59e6927d86f77411da468256",
								"54527a984bdc2d4e668b4567",
								"54527ac44bdc2d36668b4567",
								"59e68f6f86f7746c9f75e846",
								"59e6906286f7746c9f75e847",
								"59e690b686f7746c9f75e848",
								"59e6918f86f7746c9f75e849",
								"5c0d5ae286f7741e46554302",
								"300BLK",
								"300HP",
								"300TR",
								"300XTP"
							]
						}
					]
				},
				"_proto": "5748538b2459770af276a261"
			}
		],
		"CanFast": false,
		"CanHit": false,
		"CanAdmin": false,
		"LoadUnloadModifier": 0,
		"CheckTimeModifier": 0,
		"CheckOverride": 0,
		"ReloadMagType": "ExternalMagazine",
		"VisibleAmmoRangesString": "1-3"
	},
	"_proto": "55802d5f4bdc2dac148b458e"
}