{
    "_id": "587e08ee245977446b4410cf",
    "_name": "mount_sks_molot_op_sks_std",
    "_parent": "55818b224bdc2dde698b456f",
    "_type": "Item",
    "_props": {
        "Name": "mount_sks_molot_op_sks_std",
        "ShortName": "mount_sks_molot_op_sks_std",
        "Description": "mount_sks_molot_op_sks_std",
        "Weight": 0.02,
        "BackgroundColor": "blue",
        "Width": 1,
        "Height": 1,
        "StackMaxSize": 1,
        "Rarity": "Common",
        "SpawnChance": 2,
        "CreditsPrice": 6017,
        "ItemSound": "mod",
        "Prefab": {
            "path": "assets/content/items/mods/mounts/mount_sks_molot_op_sks_std.bundle",
            "rcid": ""
        },
        "UsePrefab": {
            "path": "",
            "rcid": ""
        },
        "StackObjectsCount": 1,
        "NotShownInSlot": false,
        "ExaminedByDefault": false,
        "ExamineTime": 1,
        "IsUndiscardable": false,
        "IsUnsaleable": false,
        "IsUnbuyable": false,
        "IsUngivable": false,
        "IsLockedafterEquip": false,
        "QuestItem": false,
        "LootExperience": 10,
        "ExamineExperience": 3,
        "HideEntrails": false,
        "RepairCost": 0,
        "RepairSpeed": 0,
        "ExtraSizeLeft": 0,
        "ExtraSizeRight": 0,
        "ExtraSizeUp": 0,
        "ExtraSizeDown": 0,
        "ExtraSizeForceAdd": false,
        "MergesWithChildren": true,
        "CanSellOnRagfair": true,
        "CanRequireOnRagfair": true,
        "BannedFromRagfair": false,
        "ConflictingItems": [],
        "FixedPrice": false,
        "Unlootable": false,
        "UnlootableFromSlot": "FirstPrimaryWeapon",
        "UnlootableFromSide": [],
        "ChangePriceCoef": 1,
        "AllowSpawnOnLocations": [],
        "SendToClient": false,
        "AnimationVariantsNumber": 0,
        "DiscardingBlock": false,
        "Grids": [],
        "Slots": [
            {
                "_name": "mod_scope",
                "_id": "587e08ee245977446b4410d0",
                "_parent": "587e08ee245977446b4410cf",
                "_props": {
                    "filters": [
                        {
                            "Shift": 0,
                            "Filter": [
                                "5947db3f86f77447880cf76f",
                                "57486e672459770abd687134",
                                "5c82342f2e221644f31c060e",
                                "576fd4ec2459777f0b518431",
                                "5c82343a2e221644f31c0611",
                                "5cf638cbd7f00c06595bc936",
                                "5a7c74b3e899ef0014332c29",
                                "591ee00d86f774592f7b841e",
                                "57acb6222459771ec34b5cb0",
                                "5d0a29ead7ad1a0026013f27",
                                "5c61a40d2e2216001403158d",
                                "5c90c3622e221601da359851",
                                "591ee00d86f774592f7b841e"
                            ]
                        }
                    ]
                },
                "_required": false,
                "_mergeSlotWithChildren": false,
                "_proto": "55d30c4c4bdc2db4468b457e"
            }
        ],
        "CanPutIntoDuringTheRaid": true,
        "CantRemoveFromSlotsDuringRaid": [],
        "Durability": 100,
        "Accuracy": 0,
        "Recoil": 0,
        "Loudness": 0,
        "EffectiveDistance": 0,
        "Ergonomics": -2,
        "Velocity": 0,
        "RaidModdable": false,
        "ToolModdable": true,
        "BlocksFolding": false,
        "BlocksCollapsible": false,
        "IsAnimated": false,
        "HasShoulderContact": false,
        "SightingRange": 0
    },
    "_proto": "57a3459f245977764a01f703"
}