{
    "_id": "5a7882dcc5856700177af662",
    "_name": "mag_870_remington_magazie_cap_12g_4",
    "_parent": "5448bc234bdc2d3c308b4569",
    "_type": "Item",
    "_props": {
        "Name": "mag_870_remington_magazie_cap_12g_4",
        "ShortName": "mag_870_remington_magazie_cap_12g_4",
        "Description": "mag_870_remington_magazie_cap_12g_4",
        "Weight": 0.1,
        "BackgroundColor": "yellow",
        "Width": 1,
        "Height": 1,
        "StackMaxSize": 1,
        "Rarity": "Rare",
        "SpawnChance": 3,
        "CreditsPrice": 1030,
        "ItemSound": "mag_plastic",
        "Prefab": {
            "path": "assets/content/items/mods/magazines/mag_870_remington_magazie_cap_12g_4.bundle",
            "rcid": ""
        },
        "UsePrefab": {
            "path": "",
            "rcid": ""
        },
        "StackObjectsCount": 1,
        "NotShownInSlot": false,
        "ExaminedByDefault": true,
        "ExamineTime": 1,
        "IsUndiscardable": false,
        "IsUnsaleable": false,
        "IsUnbuyable": false,
        "IsUngivable": false,
        "IsLockedafterEquip": false,
        "QuestItem": false,
        "LootExperience": 20,
        "ExamineExperience": 2,
        "HideEntrails": false,
        "RepairCost": 0,
        "RepairSpeed": 0,
        "ExtraSizeLeft": 0,
        "ExtraSizeRight": 0,
        "ExtraSizeUp": 0,
        "ExtraSizeDown": 0,
        "ExtraSizeForceAdd": false,
        "MergesWithChildren": true,
        "CanSellOnRagfair": true,
        "CanRequireOnRagfair": true,
        "BannedFromRagfair": false,
        "ConflictingItems": [],
        "FixedPrice": false,
        "Unlootable": false,
        "UnlootableFromSlot": "FirstPrimaryWeapon",
        "UnlootableFromSide": [],
        "ChangePriceCoef": 1,
        "AllowSpawnOnLocations": [],
        "SendToClient": false,
        "AnimationVariantsNumber": 0,
        "DiscardingBlock": false,
        "Grids": [],
        "Slots": [],
        "CanPutIntoDuringTheRaid": true,
        "CantRemoveFromSlotsDuringRaid": [],
        "Durability": 100,
        "Accuracy": 0,
        "Recoil": 0,
        "Loudness": 0,
        "EffectiveDistance": 0,
        "Ergonomics": -1,
        "Velocity": 0,
        "RaidModdable": true,
        "ToolModdable": false,
        "BlocksFolding": false,
        "BlocksCollapsible": false,
        "IsAnimated": false,
        "HasShoulderContact": false,
        "SightingRange": 0,
        "magAnimationIndex": 0,
        "Cartridges": [
            {
                "_name": "cartridges",
                "_id": "5a7882dcc5856700177af663",
                "_parent": "5a7882dcc5856700177af662",
                "_max_count": 4,
                "_props": {
                    "filters": [
                        {
                            "Filter": [
                                "560d5e524bdc2d25448b4571",
                                "5d6e6772a4b936088465b17c",
                                "5d6e67fba4b9361bc73bc779",
                                "5d6e6806a4b936088465b17e",
                                "5d6e68dea4b9361bcc29e659",
                                "5d6e6911a4b9361bd5780d52",
                                "5c0d591486f7744c505b416f",
                                "58820d1224597753c90aeb13",
                                "5d6e68c4a4b9361b93413f79",
                                "5d6e68a8a4b9360b6c0d54e2",
                                "5d6e68e6a4b9361c140bcfe0",
                                "5d6e6869a4b9361c140bcfde",
                                "5d6e68b3a4b9361bca7e50b5",
                                "5d6e6891a4b9361bd473feea",
                                "5d6e689ca4b9361bc8618956",
                                "5d6e68d1a4b93622fe60e845",
                                "5a38ebd9c4a282000d722a5b",
                                "5d6e695fa4b936359b35d852",
                                "5d6e69b9a4b9361bc8618958",
                                "5d6e69c7a4b9360b6c0d54e4",
                                "5d6e6a5fa4b93614ec501745",
                                "5d6e6a53a4b9361bd473feec",
                                "5d6e6a42a4b9364f07165f52",
                                "5d6e6a05a4b93618084f58d0"
                            ]
                        }
                    ]
                },
                "_proto": "5748538b2459770af276a261"
            }
        ],
        "CanFast": false,
        "CanHit": false,
        "CanAdmin": false,
        "LoadUnloadModifier": 0,
        "CheckTimeModifier": 0,
        "CheckOverride": 0,
        "ReloadMagType": "InternalMagazine",
        "VisibleAmmoRangesString": "1-3"
    },
    "_proto": "55d4837c4bdc2d1d4e8b456c"
}