{
    "_id": "5ef3448ab37dfd6af863525c",
    "_name": "mag_m1911_mec_gar_extended_1143x23_11",
    "_parent": "5448bc234bdc2d3c308b4569",
    "_type": "Item",
    "_props": {
        "Name": "mag_m1911_mec_gar_extended_1143x23_11",
        "ShortName": "mag_m1911_mec_gar_extended_1143x23_11",
        "Description": "mag_m1911_mec_gar_extended_1143x23_11",
        "Weight": 0.24,
        "BackgroundColor": "yellow",
        "Width": 1,
        "Height": 1,
        "StackMaxSize": 1,
        "Rarity": "Rare",
        "SpawnChance": 3,
        "CreditsPrice": 2100,
        "ItemSound": "magazine_metal",
        "Prefab": {
            "path": "assets/content/items/mods/magazines/mag_m1911_mec_gar_extended_1143x23_11.bundle",
            "rcid": ""
        },
        "UsePrefab": {
            "path": "",
            "rcid": ""
        },
        "StackObjectsCount": 1,
        "NotShownInSlot": false,
        "ExaminedByDefault": false,
        "ExamineTime": 1,
        "IsUndiscardable": false,
        "IsUnsaleable": false,
        "IsUnbuyable": false,
        "IsUngivable": false,
        "IsLockedafterEquip": false,
        "QuestItem": false,
        "LootExperience": 10,
        "ExamineExperience": 2,
        "HideEntrails": false,
        "RepairCost": 0,
        "RepairSpeed": 0,
        "ExtraSizeLeft": 0,
        "ExtraSizeRight": 0,
        "ExtraSizeUp": 0,
        "ExtraSizeDown": 0,
        "ExtraSizeForceAdd": false,
        "MergesWithChildren": true,
        "CanSellOnRagfair": true,
        "CanRequireOnRagfair": true,
        "BannedFromRagfair": false,
        "ConflictingItems": [],
        "FixedPrice": false,
        "Unlootable": false,
        "UnlootableFromSlot": "FirstPrimaryWeapon",
        "UnlootableFromSide": [],
        "ChangePriceCoef": 1,
        "AllowSpawnOnLocations": [],
        "SendToClient": false,
        "AnimationVariantsNumber": 0,
        "DiscardingBlock": false,
        "Grids": [],
        "Slots": [],
        "CanPutIntoDuringTheRaid": true,
        "CantRemoveFromSlotsDuringRaid": [],
        "Durability": 100,
        "Accuracy": 0,
        "Recoil": 0,
        "Loudness": 0,
        "EffectiveDistance": 0,
        "Ergonomics": -3,
        "Velocity": 0,
        "RaidModdable": true,
        "ToolModdable": false,
        "BlocksFolding": false,
        "BlocksCollapsible": false,
        "IsAnimated": false,
        "HasShoulderContact": false,
        "SightingRange": 0,
        "magAnimationIndex": 1,
        "Cartridges": [
            {
                "_name": "cartridges",
                "_id": "5ef3448bb37dfd6af863525e",
                "_parent": "5ef3448ab37dfd6af863525c",
                "_max_count": 11,
                "_props": {
                    "filters": [
                        {
                            "Filter": [
								"5efb0da7a29a85116f6ea05f",
								"5c3df7d588a4501f290594e5",
								"58864a4f2459770fcc257101",
								"56d59d3ad2720bdb418b4577",
								"5c925fa22e221601da359b7b",
								"5a3c16fe86f77452b62de32a",
								"5efb0e16aeb21837e749c7ff",
								"5c0d56a986f774449d5de529",
								"5e81f423763d9f754677bf2e",
								"5efb0cabfb3e451d70735af5",
								"5efb0d4f4bc50b58e81710f3",
								"5efb0fc6aeb21837e749c801",
								"5ea2a8e200685063ec28c05a"
                            ]
                        }
                    ]
                },
                "_proto": "5748538b2459770af276a261"
            }
        ],
        "CanFast": true,
        "CanHit": false,
        "CanAdmin": false,
        "LoadUnloadModifier": -25,
        "CheckTimeModifier": -20,
        "CheckOverride": 2,
        "ReloadMagType": "ExternalMagazine",
        "VisibleAmmoRangesString": "1-3"
    },
    "_proto": "5448c12b4bdc2d02308b456f"
}